id,label
1288730434,R
2121470325,R
1288561405,I
2122191647,R
2122313077,I
1942851684,R
1125693800,R
1811376260,I
2121458560,I
1351486784,I
2122009195,I
1435665240,I
1270024410,I
1237580634,R
2273259185,I
1287477449,I
1291515962,I
1288602270,I
1143952772,I
1288727537,R
2610146759,R
1314025018,I
1444926563,R
1239623546,R
2122071974,R
1151111154,R
1143646857,R
1136349713,I
1411743496,R
1270001571,I
2122118681,R
1284824126,I
1151469353,R
1143820246,R
1241441332,R
2122233368,R
1125755311,R
2459956848,R
1237498839,R
1811408353,R
1237170136,R
1151171488,I
1238331892,R
1151514080,R
1145263735,I
1148597330,I
1238550274,R
1238331414,R
2121472160,R
1356972692,R
1238469711,I
1151501458,I
2273266097,R
1141707678,I
2121472545,R
1146046743,I
1125496214,R
1350808704,R
1942933052,R
1368739322,R
1151694043,R
2122057913,I
1444895241,I
1237670712,I
1151680593,R
1151437933,R
1151577404,R
1412596812,R
1151380170,I
1125506101,I
1366061699,R
1151448878,I
1237234072,I
1238469295,R
1942949753,I
1269996330,R
1125784644,R
1291500410,I
1233232979,R
2459922906,R
2459964412,I
2610443737,R
1350806203,I
2610163025,R
1144764108,I
1237316622,R
1368808929,R
1238508446,R
1237352408,R
1140830822,I
1238534324,R
1238500318,R
1366095283,I
1125399075,I
1238428351,I
1444923684,R
1239332164,I
1151536445,I
1400886062,I
1237718541,I
1284702203,R
1145308240,I
1125526469,R
1291359630,R
1284748068,I
1368887845,I
1125781473,R
1942793302,R
2122287992,I
1291549365,R
1688082656,I
2121472547,I
1151460687,R
2122110458,R
1238289536,I
1237674632,I
1313856119,R
1688092662,R
2459854165,R
1238638501,I
1368940308,R
2459963859,I
1143936574,I
1125533928,I
1143510939,I
1287278214,R
2610175278,R
1151791945,I
1143610002,I
1149477967,R
1151476045,R
1288641645,I
2121466546,I
1695858922,I
1289284549,I
1238249310,I
1426370059,I
1284746428,I
1444803818,R
1151537094,I
1143705076,I
1412675732,R
1143626894,R
1356668809,R
1513558243,I
1356010501,R
1412264687,R
1688094340,I
1288525616,I
1289257150,I
1356960141,R
1125703958,I
1141790610,I
1238293589,I
1237265886,R
1369131795,I
1371008122,I
1148239393,R
1323572221,I
1412318963,I
1238367477,I
1323641658,R
1237163491,I
1238721861,R
1287672387,I
1151120050,R
1143344630,R
1239273696,I
1125510458,I
1288431852,I
1325630351,R
1151442669,I
1240585877,I
1125556732,I
1942963204,I
1288617303,I
2610166768,I
1138233094,I
1356552066,I
1238484478,I
1411819634,I
1137347740,R
1239883955,I
1238460291,I
2122067576,I
2122287584,I
1142630719,I
1412680717,I
1137042864,I
1239614323,I
1369144839,I
1138362625,I
1371050044,I
1351546093,I
1354485059,R
1366059252,I
1412095279,I
1239434941,I
1366078726,I
1370977535,I
1151451620,I
1695827155,I
1325715485,R
1412191115,I
2273292075,I
1368765979,I
1143894012,I
1138232626,I
1325827249,I
1137120673,I
1143937744,I
1140480752,I
2748186238,I
1288629463,I
1222364482,I
1291293529,I
1371180850,I
1354266492,I
1151430012,I
1356394891,I
1125613434,I
1412356370,I
1143677748,I
1125559106,I
1351977448,I
1325690572,I
1434908264,R
1507558298,I
1323588739,I
1371124292,I
1371171253,I
1142553271,I
1412165239,I
1282682356,I
1239768787,I
1125628994,I
1351714327,I
1942872957,I
1222282477,I
1647964638,I
1238580730,I
1353778074,I
1151473329,I
1356880611,I
1313991698,I
1240461685,I
1323326526,I
2610201471,I
1354290517,I
1354742920,I
1326065337,I
1238412431,I
1371056921,I
1151168345,I
1323750558,I
1513737062,I
1371187600,I
1143979887,I
1142617123,I
1141508639,I
1124959586,I
1649995210,I
1354269156,I
1354447391,I
1354403666,I
1354001505,I
1142764387,I
1238738086,I
1400842819,I
1141932474,I
1354982333,I
1351406792,I
1811306411,I
1354796300,I
1351327583,I
1527401195,I
1237212790,I
1151792519,I
