id,score,date,period,doc_dist,title,sub-top2vec,sub-doc_dist
1288730434,1.0,1959-12-18,5,0.29381415,Refugees Could Be Valuable Assets.,2,0.15669434
1125693800,1.0,2001-09-04,7,0.14456289,Time for a fresh look at the state of refuge.,3,0.16399676
1288727537,1.0,1959-12-17,5,0.26924634,Our Responsibility to the Refugees.,4,0.15173522
1444926563,1.0,2010-08-24,8,0.14295723,"Immigrants, refugees.",2,0.35873416
1143646857,1.0,1997-09-02,7,0.20781665,Refugees and immigration.,0,0.1163252
1350808704,1.0,1943-10-27,4,0.29158452,Freer Entry for Refugees.,1,0.19009995
1237316622,1.0,1988-04-29,7,0.13011801,Showing some initiative deserves to be rewarded.,2,0.1283438
1284702203,1.0,1962-05-25,5,0.21111867,Chinese Refugees.,4,0.47824645
1291359630,1.0,1950-11-21,4,0.27434716,Swift Relief Urged for Refugees.,1,0.12409569
2122110458,1.0,2015-12-29,8,0.1949111,Should refugees be welcomed with debt?.,3,0.2343634
1313856119,1.0,1948-09-22,4,0.22985981,Canada to Admit Hundred Refugees.,1,0.45076096
1287278214,1.0,1952-10-10,5,0.2629799,"Increase Immigration, Catholic Bishops Urge; Barriers Called Unjust.",1,0.20386744
1143626894,1.0,1994-03-08,7,0.17747007,Harris's comments.,2,0.38473675
1356010501,1.0,1940-06-06,4,0.26411515,Allow More Refugees To Come to Dominion.,1,0.22475803
1323641658,1.0,1947-10-03,4,0.2966662,Medical Official Against Importing Displaced Doctors.,4,0.070646
1238721861,1.0,1982-01-22,7,0.20285675,Lack of sponsors for Polish refugees puzzles Axworthy.,3,0.29391396
1325630351,1.0,1940-03-04,4,0.2652647,REFUGEE FLIGHT OUT OF EUROPE LIKE HUGUENOTS.,0,0.14318717
1354485059,1.0,1930-01-09,4,0.343583,SWEDISH FAMES COMING TO CANADA.,1,0.40669984
1325715485,1.0,1947-04-29,4,0.25997883,Church Leads Attack On Admission of Poles Who Fought With Axis.,1,0.1457805
1434908264,1.0,1986-11-17,7,0.14846796,Quiet in the Caribbean.,4,0.19219553
1143646857,0.6689555033725757,1997-09-02,7,0.21189381,Refugees and immigration.,0,0.12171106
1137466050,0.6122967644938165,1999-04-08,7,0.1866789,A refuge for refugees.,4,0.13272728
1325673309,0.5949028453922036,1943-12-09,4,0.236871,Talents of Canadians and Refugees Should Be Joined for Nation's Weal.,4,0.14770108
1350808704,0.5860027832685846,1943-10-27,4,0.2987523,Freer Entry for Refugees.,1,0.2009271
1288727537,0.5761953726834509,1959-12-17,5,0.25503212,Our Responsibility to the Refugees.,4,0.14489701
1351349699,0.570461106751764,1939-05-31,4,0.2695667,URGES CANADA TO AID CAUSE Of REFUGEES.,0,0.14410338
1353772134,0.5601858381280674,1939-08-21,4,0.27343723,IT'S AS OPPORTUNITY.,0,0.14289954
1325762363,0.5597484562247373,1943-11-26,4,0.2752987,Proposed Admission of Refugees Draws Protest by War Veterans.,4,0.16589753
1237221054,0.5563744943810858,1988-02-19,7,0.16753076,LETTERS TO THE EDITOR.,2,0.30681354
1287816582,0.5540021378452334,1951-10-24,4,0.23558499,Ottawa Weighs Plight of Eight Refused Entry.,1,0.28158507
1238534324,0.5420053947971516,1987-08-19,7,0.11010694,Security checks in bill are a threat to refugees.,5,0.10814351
1291469056,0.5373267693638587,1949-11-10,4,0.2182952,Many More Are Waiting.,1,0.09003575
2122196299,0.5350719376483689,2015-12-02,8,0.15247208,"By denying entry to some men, Canada betrays its better instincts.",3,0.096741065
1323583934,0.5343832579993426,1940-05-17,4,0.20115024,Correspondence.,2,0.15362251
1325942305,0.5339622291046552,1939-03-09,4,0.24672262,Opposed to Refugees.,4,0.17712492
1325994644,0.5322372215772279,1943-11-30,4,0.25955278,Generosity Urged Toward Refugees.,4,0.17205514
1284696893,0.5269836136692649,1961-11-20,5,0.23722182,Encouraging Immigration.,2,0.17578426
1239271367,0.5268347777916533,1979-07-03,7,0.29932675,Letter to the Editor 3 -- No Title.,4,0.24392252
1238511652,0.5262869826619495,1987-08-27,7,0.15711042,LETTERS TO THE EDITOR.,2,0.45986426
1323336396,0.525257706164813,1939-03-22,4,0.30106395,CANADA ASKED TO AID REFUGEES FROM EUROPE.,1,0.32240462
1325647629,0.5239917542528332,1943-06-09,4,0.2708361,FEDERAL AID FOR REFUGEES IS REQUESTED.,1,0.28583187
1325740211,0.5198272591308237,1943-05-28,4,0.28200424,Canada Needs Immigrants.,0,0.22817227
1287278214,0.5162101647336037,1952-10-10,5,0.25328156,"Increase Immigration, Catholic Bishops Urge; Barriers Called Unjust.",1,0.19069225
1350604635,0.5157916387117835,1920-01-17,4,0.23596975,ASK SAFEGUARD AGAINST ALIENS IN IMMIGRATION.,0,0.14943436
1313856119,0.5136003466206909,1948-09-22,4,0.217781,Canada to Admit Hundred Refugees.,1,0.45578167
1284566399,0.5102988191654256,1962-05-15,5,0.19520436,Just What Was Said.,4,0.22876781
1325762639,0.5100760823978103,1939-04-28,4,0.29161665,MEIGHEN URGES GREATER INFLUX.,1,0.15286155
1350907421,0.5095785229195936,1943-03-16,4,0.16392353,Correspondence.,0,0.06091606
1412617284,0.508369520382876,2007-09-25,8,0.17607109,LETTERS TO THE EDITOR.,4,0.22370452
1151692122,0.5081286721944684,1992-04-13,7,0.1596402,Display Ad 14 -- No Title.,1,0.26868317
1326104065,0.506687573081662,1944-03-24,4,0.2518856,HOLDS CANADA SHOULD SELECT IMMIGRANTS.,5,0.16098927
1288373633,0.5058529122383378,1960-01-06,5,0.17514049,Canada and the Refugees.,4,0.12527308
1316233057,0.5049474090475408,1939-05-11,4,0.21989395,Urges Canada to Share Spanish Refugee Worry.,1,0.20950066
1237316622,0.504145462035751,1988-04-29,7,0.116790526,Showing some initiative deserves to be rewarded.,2,0.12698436
1238297976,0.5020617455830415,1978-12-30,7,0.20391208,Refugee term.,4,0.3365252
1355054759,0.4989111964292429,1907-09-14,3,0.26083666,AN IMMIGRATION PULICY.,0,0.14881045
1325765526,0.4975190800344855,1943-12-11,4,0.2581204,Refugee Question Moral and Ethical.,4,0.23204514
1239267541,0.4974723954465294,1979-08-28,7,0.17983808,Letter to the Editor 1 -- No Title.,4,0.24773365
1350913723,0.4971265671016066,1943-11-03,4,0.28847283,Refugee Immigration Regarded as Risky.,4,0.13047221
1356104463,0.4955652406159032,1913-07-11,3,0.24314353,THE LURE OF CANADA.,0,0.14159961
1238227603,0.4939309950448826,1978-03-18,7,0.17387648,CANADA'S REFUGEE POLICY.,4,0.13445565
1288566893,0.4915541256983591,1958-09-19,5,0.23797725,Plea for Refugees.,1,0.24951087
1284904768,0.491516157068934,1962-03-13,5,0.25609922,Selective Immiarafion.,0,0.19463041
1350900849,0.4911884505195342,1943-11-03,4,0.2819098,CANADA ACTS UPON REFUGEE ISSUE: CRERAR.,1,0.2850453
1239200100,0.4909079292790838,1979-08-10,7,0.11624101,"Canada should take only refugees it can afford, says reader.",2,0.1525728
1270456727,0.4888027155681683,1965-03-19,5,0.17057347,Obstacles to Immigration Are Decried by Liberal MP.,3,0.14451623
1293023321,0.4872218210441461,1949-09-29,4,0.21047607,Canada Bars Door If Baits No Visas.,1,0.5133701
1355052834,0.4862897689724523,1908-10-16,3,0.27396098,... BRITISH IMMIGRANTS.,5,0.20641112
1240452089,0.486139654863792,1982-02-08,7,0.20489417,Polish refugees.,1,0.1521595
1326113301,0.4853413722850423,1939-03-21,4,0.27014282,WOULD LOWER REFUGEE BARS.,1,0.34648886
1316243153,0.4837167992664973,1948-08-28,4,0.23498109,Boating Balts.,1,0.275383
1435665240,0.4835357280228327,1984-09-20,7,0.17576154,"Hostility toward refugees not justified, official says.",3,0.15140076
1287562001,0.4831304824307447,1950-06-01,4,0.21429028,Not Pulling Its Weight.,4,0.17297888
1326098788,0.4827564415804142,1938-08-17,4,0.2638119,Our Immigration Policy.,2,0.20538644
1516538151,0.4807136796062502,1864-12-20,0,0.12635584,THE RIGHT OF ASYLUM.,0,0.10052877
1326179410,0.4794101043481855,1938-11-12,4,0.27656227,OTTAWA AWAITS REFUGEES' PLAN.,1,0.3122039
1323585939,0.4771359762855552,1943-11-19,4,0.22508991,Canada Urged to Prepare Plans For Reception of Refugees.,0,0.1474019
1351646243,0.4756871670498676,1919-02-01,3,0.30547515,UNDESIRABLE IMMIGRANTS.,0,0.19565941
1325659628,0.4754672038205153,1943-11-04,4,0.29135433,LAUDS VALUE OF REFUGEES.,1,0.2684251
1325664792,0.4749988296228501,1944-04-10,4,0.15615807,Haven in Canada Thrills Refugees After Long Years of Dodging Nazis.,1,0.07578537
1291290882,0.4740377587364361,1979-12-08,7,0.16088541,Letter to the Editor 1 -- No Title.,4,0.24488729
1325866405,0.4726171288093441,1944-03-31,4,0.26768607,256 REFUGEES NOW ON WAY TO DOMINION.,1,0.1260776
1134925035,0.4724178004938386,1999-04-20,7,0.16798055,Table of Contents 5 -- No Title.,3,0.2922005
1354578976,0.4708722190787567,1922-10-14,4,0.29353768,IMMIGRATION POLICY.,0,0.3447026
1412076089,0.47070318048367,1938-12-07,4,0.25752193,URGE SELECTED IMMIGRATION.,1,0.32852426
1288526524,0.4693523557203358,1959-11-26,5,0.2572873,The Mote and the Beam.,3,0.20115718
1291223211,0.4692338075041918,1948-03-10,4,0.23457672,"A Target, Not a Ceiling.",0,0.16201404
1288753404,0.4690646402881903,1959-10-07,5,0.1771105,"Problems of Refugees Worse, Says Expert.",3,0.32173297
1411996233,0.4688775966652971,1938-11-23,4,0.1583616,TIME LIMIT OF REFUGEES INCREASED.,1,0.20425808
1351096674,0.4685052671282153,1943-12-14,4,0.30320176,VOICES STAND OF ORANGEMEN ON REFUGEES.,1,0.19377679
1291327146,0.4683357438765567,1979-07-14,7,0.14971171,Is government discouraging refugee aid?.,3,0.23422353
1325691331,0.4675839872381866,1943-12-10,4,0.254533,Greater Population Means Busier Canada.,2,0.18046999
1288391835,0.4675670041755886,1960-02-11,5,0.24735183,A Challenge to Canada.,3,0.10772188
1238422281,0.46630395039013,1987-01-31,7,0.15723303,Helping refugees.,4,0.22850056
1291552948,0.4662097378792239,1955-02-21,5,0.21743108,There Is No Policy.,0,0.19259752
1325937273,0.4646821926482614,1938-11-12,4,0.2546103,LIFTING OF BAR FOR REFUGEES OPPOSED HERE.,5,0.15759265
1239269995,0.4645292304633825,1979-07-06,7,0.16897291,"More refugees may be let in, Ottawa says.",3,0.5270549
1288451198,0.4645099081738775,1960-01-22,5,0.2045085,High Standards For Refugees Are Criticized.,3,0.20332338
1288856132,0.4644302117623895,1957-01-19,5,0.21476322,Tailor-Made Flow of Refugees.,4,0.17779203
1323587219,0.4644190924785992,1943-12-13,4,0.30469808,Argument for Refugees: Canada Short of Labor.,1,0.16775751
1326148829,0.4637379002359028,1943-12-03,4,0.27020642,Refugees and British Ideals.,0,0.15286955
1288390813,0.4632174734688336,1960-01-28,5,0.19091657,Letter to the Editor 3 -- No Title.,4,0.20319617
1313770331,0.4624287366251098,1948-09-03,4,0.2306583,Proving It Can Be Done.,1,0.24922939
1291359630,0.4617746071001161,1950-11-21,4,0.26394513,Swift Relief Urged for Refugees.,1,0.12638822
1239261764,0.4612164211214797,1979-08-29,7,0.16712807,Refugees and citizens.,3,0.20789774
1143626894,0.460581569986695,1994-03-08,7,0.17980145,Harris's comments.,2,0.39007825
1135036770,0.4603661557861458,1999-05-07,7,0.14305761,NATO's way.,3,0.16326767
1316270136,0.4600423323518254,1948-08-25,4,0.30815366,All They Ask Is a Tall Ship.,0,0.13407882
1325646159,0.459962024539693,1939-06-08,4,0.2576054,Immigration Challenge.,0,0.14621386
1239622580,0.4593038823544454,1974-01-21,6,0.1965068,Diplomatic asylum.,2,0.29663104
1287153253,0.4589045439262891,1953-03-02,5,0.2551143,Challenge to Canada.,0,0.20157127
1356044360,0.458770369708137,1939-11-29,4,0.37849325,Urges Canada Take Refugees.,1,0.4489123
1238728299,0.4587321222091532,1982-05-13,7,0.22048667,"Bring in 'winner' refugees from Poland, lawyer urges.",3,0.34779322
1124969876,0.4586891061820624,1980-01-08,7,0.23591752,Refugee problem.,2,0.13400346
1351200622,0.4577932431837846,1933-03-27,4,0.23126142,DEPORTATION LESSONS.,0,0.2582635
1291439677,0.4570040761107154,1949-07-15,4,0.28323334,"New U.S. Immigrants Major Canadian Source, European Influx Drops.",1,0.18823692
1351851684,0.4565257065190022,1939-01-31,4,0.18794568,"Canada Will Not Adopt Open Door to Refugees, Premier King Intimates.",1,0.10514706
1291470959,0.4563858792926389,1949-11-01,4,0.2534292,Canadian Officers to Examine 372 Refugees Now at Cork.,1,0.4449178
1284702203,0.4545786445142179,1962-05-25,5,0.20155238,Chinese Refugees.,4,0.49877304
1288611317,0.4545497316554091,1957-02-13,5,0.22377928,What Immigrants Bring.,2,0.20585561
1325858124,0.4545413249836668,1944-02-03,4,0.22183032,Jewish Refugee Issue Clarified.,1,0.24031831
1222359063,0.4532741395045299,1985-09-12,7,0.19478932,Visas requested for refugees.,1,0.29068056
1291251855,0.4532387914555122,1946-04-16,4,0.20143856,Canada's Immigration Policy Held Heartless.,0,0.16123714
1238482448,0.4528712179209193,1987-05-16,7,0.18903011,Refugee controls.,1,0.24142942
1536982840,0.4520506516316345,1885-10-12,1,0.2631513,THE IMMIGRATION POLICY.,0,0.17323154
1354104927,0.4519451504926197,1941-05-05,4,0.25334117,REFUGEE IMMIGRATION SUGGESTED FOR STUDY.,1,0.33712935
1323411757,0.4513734695625738,1946-10-05,4,0.28667903,Haphazard Immigration.,1,0.2817949
1366269135,0.4510787511491131,1922-01-14,4,0.23271592,JEWISH LOBBY ON IMMIGRATION AGAIN FORESEEN.,1,0.15890498
1313795549,0.4510267161782481,1960-03-18,5,0.20197499,Open Wide the Immigration Gates.,4,0.15653333
1238428351,0.4505903573536916,1987-02-18,7,0.1950315,Streamline the system.,2,0.26111558
1291594642,0.4498208217366751,1948-06-29,4,0.306704,Canada Refuses Refugees Entry.,1,0.42590645
1316365586,0.4495736378112452,1911-06-10,3,0.26914817,IMMIGRATION AND GROWTH.,0,0.24073203
1649644218,0.4491448068422886,1897-02-10,2,0.29096687,MR. B. E. WALKER'S ADDRESS.,0,0.23008858
1284844585,0.4478325316963275,1962-05-24,5,0.1984177,Letter to the Editor 1 -- No Title.,4,0.273537
1326012344,0.4475978825677934,1939-10-20,4,0.17528528,Canada for Refugees or Pharisees.,0,0.120580025
1288730434,0.447394847880237,1959-12-18,5,0.24878146,Refugees Could Be Valuable Assets.,2,0.16923624
1125085639,0.4470729827170505,1980-06-19,7,0.20802633,Refugee plan cost set at $122 million.,3,0.52653915
1287561557,0.4469483636332088,1950-08-18,4,0.2813376,Of Such as These.,4,0.18636653
1325759549,0.446259184230824,1958-08-05,5,0.23013397,Hope on Immigration.,3,0.15033829
1288641415,0.4461973496864016,1957-08-10,5,0.19099206,Minding Your Business.,2,0.11260534
1289220335,0.4456324078802662,1956-11-06,5,0.2282434,Fulton Would Give Asylum To Refugees From Hungary.,1,0.21245992
1294158621,0.445576932907207,1949-11-08,4,0.22855298,Photo Standalone 5 -- No Title.,1,0.53205174
1288706693,0.4453756587658969,1959-11-25,5,0.23534502,"Lay Groundwork For Refugees, Bishop Asks.",3,0.29405633
1287620704,0.4452433995148473,1952-02-29,5,0.26589,What Is the Policy?.,0,0.27734485
1355992454,0.4451935898985573,1940-04-13,4,0.14648665,Clergymen Invited to Devote Day To Study of Refugee Problems.,1,0.06326335
1323612529,0.445079135315561,1947-05-03,4,0.24721809,A Matter of Interpretation.,0,0.20897101
1326174196,0.4449346743500736,1943-12-06,4,0.24336089,Stand on the Refugee Question Reiterated by Corps Association.,1,0.09393227
1323564132,0.4449337639222652,1937-02-18,4,0.20660962,Display Ad 10 -- No Title.,2,0.16050464
1356612123,0.444922631813874,1919-05-01,3,0.33833474,CANADA'S IMMIGRATION POLICY.,0,0.15221554
1287246196,0.4445943904242994,1952-02-11,5,0.23193786,The Lesson of Ajax.,0,0.28046128
1288387875,0.4445346908266349,1960-02-03,5,0.24508895,Letter to the Editor 1 -- No Title.,4,0.1946902
1326024215,0.4440507370431981,1938-10-29,4,0.23431599,Thinks More Immigrants Are Needed.,0,0.15006697
1313995421,0.4438000108506189,1943-06-08,4,0.2877901,Opportunity in Canada For Europe's Refugees.,1,0.24427433
1147931885,0.4437530888581913,1994-11-02,7,0.19012232,Other 1 -- No Title.,3,0.25072762
1291362565,0.4436264321494839,1948-05-13,4,0.20376182,Declare Canada Is Ahead of U.S. In Refugee Aid.,1,0.16564354
1287414792,0.4433544245902043,1957-08-06,5,0.27652162,The Press on Immigration.,5,0.14347401
1350567987,0.4430037850545845,1912-02-27,3,0.24991521,MUST FACE PROBLEM OF IMMIGRATION.,0,0.16174045
1356533158,0.4428036071290805,1922-01-13,4,0.24960199,SHOULD BE PROTECTED.,1,0.18085715
1354292816,0.4423372880658647,1907-06-26,3,0.3137821,IMMIGRATION AND CITIZENSHIP.,0,0.34001133
1284696176,0.44229884056932,1961-11-16,5,0.22193092,Immigration Curb Proposals.,0,0.17125581
1287436206,0.4421197081369148,1952-04-29,5,0.29431033,French Press Urges Immigration.,5,0.22121905
1284694237,0.441997160211494,1962-05-31,5,0.21317363,Welcome Concern.,4,0.48972142
1240072253,0.4416605854496928,1973-11-02,6,0.18419366,Immigrants.,2,0.23059867
1412010089,0.4413472602191194,1943-12-22,4,0.2656372,Petition for Refugees Termed Citizens' Right.,4,0.19037084
1238416474,0.4412496621548028,1978-11-16,7,0.25334436,France would accept freighter refugees.,3,0.44131434
1353806735,0.4409680977523381,1938-10-25,4,0.27881566,Canada Termed Inhospitable By Guest Speaker From Geneva Discussing Refugee Problem.,1,0.28512484
1325958555,0.4407318997134458,1943-11-06,4,0.26148522,STUDENTS BACK REFUGEE AID.,1,0.36523756
1316586160,0.4406689369750055,1960-09-26,5,0.3064419,'The Ideal Immigrant'.,0,0.28168136
1270026022,0.4396594698748978,1967-02-17,5,0.18728842,Individual assessment suggested.,1,0.079439975
1323616215,0.4391104024036081,1947-05-16,4,0.22971591,French Language Press Discusses Immigration.,0,0.19947
1316660587,0.43878427789984,1928-12-17,4,0.201617,REVOLUTIONISTS NOT REFUGEES.,1,0.17452955
1237604569,0.4385755397214347,1989-01-19,7,0.17706786,LETTERS TO THE EDITOR.,2,0.20073034
1284640000,0.4382922636934607,1961-03-27,5,0.18192334,Migrant Drop Seen After Hardship Stories.,0,0.13766645
1352045967,0.4370809830855431,1922-05-19,4,0.26922724,RUSSIAN REFUGEES.,1,0.19781381
1239276950,0.4366797323023774,1979-09-18,7,0.11942681,"Facts on refugees distorted, MP says.",2,0.16480981
1288486998,0.4365614855356231,1960-09-01,5,0.21085815,Anglicans Regret Dip In U.K. Migrant Flow.,3,0.087032
1291488485,0.4361102747504061,1949-10-04,4,0.24423459,Canada Opens Door To 154 Refugees After Two Months.,1,0.540873
1325794048,0.4360066521381824,1947-08-21,4,0.29990512,The People Canada Wants Most.,0,0.27233344
1287366030,0.4359930144118721,1951-07-12,4,0.2819783,Lists Barriers Against Immigration.,0,0.16683616
1326051845,0.4355684985847098,1944-12-14,4,0.24485946,This and That.,2,0.17493263
1144696864,0.4353463960505572,1995-11-09,7,0.21563515,An immigrant's view.,5,0.21701902
1239610344,0.4336924396458756,1975-11-12,6,0.12014625,Surinam refugees.,2,0.2595065
1240630943,0.4335278377988282,1982-08-05,7,0.24341007,Homeless.,3,0.400839
1287546848,0.4334732834830669,1950-08-28,4,0.20099038,They Seek Refuge in Canada.,1,0.21648298
1284824126,0.43319211870998,1962-01-18,5,0.23576392,Forgotten People.,4,0.49429026
1239220266,0.4331311311672731,1979-09-29,7,0.17107257,National appeal may stir the blood but not the reason.,0,0.14823425
1356380514,0.4329093329750605,1928-08-17,4,0.2341248,BRITISH PAPERS STILL PROTEST.,0,0.1844839
1313768283,0.4327760736929564,1948-10-08,4,0.33921424,Help Immigrants Lest Communists Win Them: Gibson.,1,0.11763747
1293388963,0.4326702898826592,1949-12-03,4,0.241943,Better Procedure For Immigrants Asked by Drew.,2,0.2083888
1287754962,0.4321622869774444,1952-02-21,5,0.23882696,Planning Is the Answer.,0,0.24899377
1326074368,0.4318841025772704,1938-07-13,4,0.2825822,European Refugees.,2,0.20734555
1351400292,0.4316159745397281,1934-09-17,4,0.21063298,Citizenship.,2,0.40207833
1323586934,0.4311812012190357,1943-11-24,4,0.2517315,Refugees May Be Valuable Asset.,2,0.15383333
1288426191,0.4310016268462077,1960-03-04,5,0.3027563,More Refugees for Canada.,3,0.26006
1284694176,0.4307493103924334,1962-06-02,5,0.23964731,Chinese Refugees.,4,0.2947706
1295961623,0.4306025314254301,1955-01-03,5,0.2852005,"""CIRCLE BAR"" FOURTH COLUMN.",0,0.17937551
1239219787,0.4305673340847426,1979-06-30,7,0.21247232,Canadians can help refugees.,3,0.3950413
1288442744,0.4304660506403094,1960-01-29,5,0.28035188,Council Asks Wider Policy On Immigration.,3,0.2820932
1291422480,0.430195021715237,1955-08-26,5,0.2530928,Selecting Immigrants.,2,0.38456932
1270673630,0.430176173997107,1966-06-07,5,0.17299752,Illegal entry.,1,0.20209004
1325783142,0.4300865199021934,1944-01-14,4,0.20838511,Correspondence.,0,0.13115688
1351749985,0.4299959617085833,1918-12-10,3,0.29604235,THE ENEMY ALIEN QUESTION.,5,0.175827
1316277243,0.4298408638778926,1910-04-02,3,0.287301,THE BEST IMMIGRANTS.,5,0.38222677
1284795045,0.4298037252063332,1961-02-15,5,0.33331174,The Barrier.,4,0.21057364
1291465221,0.4297957411310211,1949-10-15,4,0.23856686,2 Face Charges For Transporting Baltic Refugees.,1,0.4055829
1325660894,0.4294375467878698,1943-12-04,4,0.28217596,British Spirit: Help the Refugees.,2,0.18114747
1325939758,0.4292823872517346,1939-02-24,4,0.2586606,NEW APPROACH TO REFUGEE PROBLEM URGED.,1,0.17744939
1284628545,0.4290501175566812,1962-11-14,5,0.24844931,"Still Interested In Refugees, Ottawa Asserts.",1,0.28546628
1240460110,0.4289201822447579,1982-03-11,7,0.27451196,Polish refugees.,4,0.22780068
1325697336,0.4289199273875294,1943-06-18,4,0.2616275,CANADA A HAVEN FOR THE OPPRESSED.,1,0.26186323
1353829959,0.4287113138770517,1939-08-22,4,0.24407937,NIXON ADVISES REFUGEE ENTRY BE PERMITTED.,1,0.1764735
1351504381,0.4286577907988297,1938-07-08,4,0.23416531,CANADA READY TO DO SHARE FOR REFUGEES.,0,0.14680162
1284571892,0.4280597396319573,1962-05-29,5,0.22625722,Chinese Refugees.,4,0.62953025
1239449760,0.4271023372911989,1979-10-22,7,0.21765542,Immigration.,0,0.2644588
1326027618,0.4267524682367603,1939-01-30,4,0.21619987,ORIENTALS' BAR WILL BE ASKED.,1,0.22871865
1356010846,0.4264715265730743,1940-06-06,4,0.24981275,"""CIRCLE-BAR"" FOURTH COLUMN.",5,0.21896496
1291872765,0.4260140160936354,1948-02-16,4,0.23238549,"Claim, Pro-Nazis Enter As Displaced Persons.",1,0.23391144
1354168880,0.425874062435868,1940-04-09,4,0.27177304,Canada Home for Refugees Advocated by S. R. Booth At Samaritan Club Meeting.,1,0.22527586
1323644975,0.425730397658678,1947-10-13,4,0.29896763,A Plea Made for Refugee Doctors.,4,0.17143117
2748205791,0.4256620095265824,2019-10-02,8,0.16779706,LETTERS TO THE EDITOR.,2,0.19523692
1270028101,0.4252939090806855,1967-01-16,5,0.21177682,No favors.,2,0.1998267
1240636686,0.4252386214815127,1982-10-07,7,0.23955485,Canada may reduce immigration quota to protect scarce jobs.,3,0.24344522
1125018668,0.4243976964269553,1980-11-01,7,0.19779265,Canada cuts refugee total for next year.,3,0.4295719
1350700542,0.4240537023327815,1919-04-30,3,0.16473131,TO BUILD UP CANADIANISM.,0,0.1378114
1366198662,0.4238913862788611,1924-07-04,4,0.31010386,FLOOD IS HELD BACK BY IMMIGRATION LAW.,5,0.16533266
1350806203,0.4237705763235621,1943-10-20,4,0.2979278,Plan Big Petition Favoring Admitting Refugees to Canada.,1,0.39304382
1287511979,0.423564225479355,1950-05-04,4,0.24210402,A Quebec View of Immigration.,5,0.2407833
1351046992,0.4233196017021119,1936-05-09,4,0.20505439,Know Your Canada!.,0,0.18597808
1355058719,0.4232775393687434,1909-07-12,3,0.20602645,PROTECTION FOR IMMIGRANT GIRLS.,0,0.17639221
1291233430,0.4231561014039067,1948-04-30,4,0.24949108,"Still a ""Token"" Plan.",0,0.1892632
1351725364,0.4227159981682419,1919-12-02,3,0.29214263,THE IMMIGRANTS AND CANADA.,0,0.15764473
1125093747,0.4226600536456533,1980-07-12,7,0.1505905,"Health disputes barring refugees' emigration, ex-minister says.",3,0.34543875
1270001305,0.4225158706763307,1967-01-17,5,0.20667577,Immigration policy.,2,0.19804505
1269936945,0.4225021068419154,1974-11-22,6,0.25432864,Immigration policy.,0,0.18848217
1356074478,0.4223028304757048,1940-06-06,4,0.24586366,CHILD REFUGEES TO BE BROUGHT IN THOUSANDS.,3,0.17019388
1355062343,0.42064624806944,1909-12-22,3,0.23447217,COMING TO CANADA.,0,0.19551443
1366295020,0.4205159509655016,1925-06-15,4,0.23107575,ON IMMIGRATION.,0,0.21543702
1283150766,0.4204933128479666,1963-10-07,5,0.18685424,Ask Canada's Attitude To Colored Immigrants.,1,0.16252743
1351743215,0.4203984023762417,1924-09-11,4,0.2815631,JEWS COMING TO CANADA MUST SETTLE ON FARMS.,1,0.24706797
1325671084,0.4201535485522072,1943-11-08,4,0.21570332,Have War Veterans Cared For Before Inviting Immigrants.,0,0.17133324
1356534334,0.4198546544831127,1922-01-19,4,0.23929156,OTTAWA LOBBY WORKING TO AID FOREIGN INFLUX.,0,0.21097273
1284748068,0.4196311606558538,1962-05-30,5,0.25078744,Letter to the Editor 1 -- No Title.,4,0.50561255
1323589095,0.4195681814062378,1943-12-08,4,0.28576255,GIVES WARNING ON PETITIONS.,1,0.18674836
1356418421,0.4195032481023153,1931-03-04,4,0.2661845,Immigration and Deportation.,2,0.15885712
1239271459,0.4194960667472896,1979-07-20,7,0.22596668,"Temper generosity to refugees with touch of sanity, reader says.",3,0.26871967
1369185540,0.4194010291659005,2006-10-28,8,0.20513749,Keep 'em or deport 'em?.,3,0.1281552
1351546896,0.4193906805203216,1939-06-28,4,0.26545697,SAYS REFUGEES BENEFIT NATION.,1,0.27790052
1143632736,0.4191728871842172,1997-06-18,7,0.13059008,Table of Contents 1 -- No Title.,5,0.19225971
1151445264,0.4186218765998479,1990-12-22,7,0.13370813,Immigration deal reported.,5,0.4458874
1354444939,0.4185734067208133,1928-03-09,4,0.23222911,OUR METHODS RESENTED.,0,0.28351095
1354420069,0.4185281647513057,1923-06-11,4,0.23894837,IMMIGRATION POLICY.,0,0.25159904
1323627493,0.4184831832670605,1947-05-06,4,0.2710374,"Appoint Minister On Immigration, Liberal Urges.",5,0.17909579
1239615741,0.4183563292878671,1975-06-18,6,0.18405414,Letter to the Editor 1 -- No Title.,2,0.17637545
1239279686,0.4182819116142865,1979-07-10,7,0.24318038,Worried about a backlash.,3,0.38881373
1351128564,0.4182527204769162,1943-12-27,4,0.24019293,Principle of Canadian Corps Is to Maintain British Ideals.,0,0.109805964
1350897647,0.4177966502256426,1936-09-07,4,0.27701646,THE IMMIGRATION QUESTION.,0,0.18892612
1323613528,0.4172229166242438,1947-05-07,4,0.26520827,"Admit DPs Freely, CCF Head Urges.",1,0.18653552
1237252692,0.4170977238477495,1989-06-13,7,0.15932328,Providing havens.,4,0.2576072
1412078796,0.4167871247497908,1938-12-30,4,0.31581032,ONLY BENEFIT SEEN IN ENTRY OF REFUGEES.,1,0.19171368
1412001042,0.4167529153479631,1938-11-25,4,0.18427487,Spirit of Liberalism Enunciated by Mackenzie Demands Sacrifice Today.,1,0.18264964
1282704189,0.4164702357206269,1964-08-22,5,0.21069807,Quebec.,2,0.16364126
1222372776,0.4161827831867478,1985-10-16,7,0.19429107,Refugee rush.,2,0.34305277
1353926571,0.4160472371513808,1963-12-19,5,0.2439246,Opening the Door.,4,0.14871138
1325698070,0.4160046246964389,1947-03-14,4,0.30447206,"Must Soon Admit Displaced Persons, Senators Stress.",1,0.323945
1412040461,0.4158424998111135,1914-07-31,3,0.2242722,CANADA AND MEXICAN PLOTS.,0,0.19964238
1288388782,0.4154329732256751,1960-02-16,5,0.2490206,Individuals Can Help Refugees.,4,0.19314465
1142886133,0.4153194423882881,1981-12-15,7,0.21038517,Visiting Poles may stay in Canada during crisis.,3,0.28763756
1316573129,0.4150566841335436,1945-07-03,4,0.26106587,Display Ad 12 -- No Title.,2,0.20152338
1288418807,0.4149084207908748,1960-09-17,5,0.29623774,"Choose, With Care.",4,0.25140113
1325797051,0.4146411499909582,1947-03-19,4,0.3024862,Influx of Displaced Persons To Canada Urged by Sandwell.,1,0.20745704
1352115061,0.4144565413166471,1929-01-17,4,0.23216374,A WELCOME DECLINE.,5,0.21056525
1239271787,0.4143955409644134,1979-09-04,7,0.15816826,"Increase quota of Thai refugees, PM will be asked.",3,0.363718
1411986040,0.4137019390906602,1938-06-16,4,0.26032302,CANADA MAY PROVIDE HAVEN FOR REFUGEES.,1,0.3589954
1352205542,0.413580097704302,1927-10-12,4,0.31721005,COSMOPOLITAN IMMIGRATION.,0,0.292643
1288831297,0.4134379242807113,1957-01-31,5,0.22625569,Canada and British Immigration.,0,0.1630784
1239275005,0.413315428179787,1979-08-28,7,0.14304957,Coalition charges about refugees draw sharp protest.,4,0.28604618
1288621794,0.4131061026763678,1957-04-01,5,0.20345598,The Welcome Wagon.,3,0.14471065
1354728974,0.4127748197114029,1928-10-08,4,0.2234814,MIGRATIONS FIRST NECESSITY.,5,0.15787752
1351548055,0.4123624998464033,1939-06-30,4,0.26995072,Urges Refugee Be Welcomed.,1,0.30552346
1353695352,0.4118677456473779,1940-07-09,4,0.22817537,CLASS REFUGEES AS DEPENDENTS.,1,0.14569661
1527271571,0.4112946223876527,1879-02-10,1,0.19961062,INTERNAL MIGRATION.,0,0.21467716
1284666541,0.4112722612066766,1961-06-15,5,0.21108675,"Red Alternative Will Be Harsh, Says Pickersgill.",1,0.1845461
1291437153,0.4106794413126864,1949-09-09,4,0.23397511,"No Visa, Go Back, Ottawa Warning To Daring Migrants.",1,0.52393407
1287757465,0.4105863122729594,1952-03-11,5,0.23797873,"Should Maintain Immigrant Flow, Croll Tells House.",0,0.13576485
1324215636,0.4104619214072956,1913-09-06,3,0.31984547,THE FLOOD OF IMMIGRATION.,0,0.16740544
1350913478,0.4104288004281847,1937-01-27,4,0.33016065,Selecting New Citizens.,0,0.19512734
1351128715,0.4103491767937188,1943-12-02,4,0.28819266,Veteran Makes Plea for Refugees.,4,0.2142294
1354977396,0.4102443277511162,1909-03-04,3,0.2173375,THE SPRING TIDE.,0,0.2562703
1289134272,0.4100890530801833,1956-08-09,5,0.27806693,Mission Finds Many Prospects For Immigration.,1,0.20947842
1351525608,0.4100862216338222,1938-08-09,4,0.25337714,Our Immigration Policy.,0,0.23136893
1326072259,0.4100679747046423,1943-11-27,4,0.28929514,Room for Argument Regarding Refugees.,4,0.1745747
1313764967,0.4100382071055026,1946-09-07,4,0.23744367,Immigration.,1,0.19368888
1351149336,0.4100218828515218,1943-12-01,4,0.21937703,Canada's First Obligation Should It to Canadians.,4,0.16487415
1287418923,0.409866480275265,1957-08-21,5,0.17056572,Ethnic Balance in Immigration.,2,0.16924469
1284888302,0.4098399993536247,1962-05-24,5,0.26605463,Chinese Refugees.,4,0.41197333
1356530090,0.4097400825113992,1920-02-09,4,0.24692282,CANADA LENIENT TO THE ALIENS.,0,0.24376172
1313778296,0.4096887872987164,1956-12-28,5,0.23268749,Minding Your Business.,0,0.10810213
1239264858,0.4094556855165848,1979-09-26,7,0.1677616,Aiding boat people 'holy opportunity we dare not miss'.,3,0.19641049
1240085890,0.4089573246050632,1973-11-03,6,0.18627359,Immigrants.,2,0.22050957
1284632775,0.408791927831828,1962-11-26,5,0.28264564,Letter to the Editor 1 -- No Title.,4,0.25069842
1323340489,0.4082201343625721,1939-04-19,4,0.2620132,Coldness to Refugees Held Bad as Hitlerism.,4,0.1799198
1284673051,0.4081324201254326,1961-08-03,5,0.25810796,Selective Immigration.,4,0.16987601
1289687763,0.4080464528923671,1954-09-21,5,0.28282073,Rights of Nations ancl Migrants.,1,0.17967816
1239759784,0.4078743579737977,1974-07-18,6,0.18334945,Refugees.,5,0.22995098
1237211549,0.4078633037361002,1988-01-25,7,0.17177074,Haven for refugees.,4,0.3067913
1284671825,0.4078030640291557,1961-07-27,5,0.25865993,Selective Immigration.,0,0.19365188
1323759356,0.4077815170838013,1924-05-30,4,0.29257283,SHOULD IMMIGRATION BE DISCOURAGED?.,2,0.24612118
1284986867,0.4076877427454971,1961-04-04,5,0.17904063,Canada and the West Indies.,0,0.12911834
1435794649,0.4076554921617206,1927-08-11,4,0.2611371,SHOULD BE KEPT OUT.,2,0.13538791
2610126836,0.4076338680775297,2018-11-12,8,0.20472953,NATIONS AND NEIGHBOURS.,2,0.2521402
1356626873,0.4075104489321638,1928-07-07,4,0.325506,THE BISHOP WARNS AGAIN.,0,0.17331783
1284567156,0.4072483248535283,1962-05-17,5,0.26110932,Letter to the Editor 1 -- No Title.,4,0.5046514
1288444104,0.4070485169378859,1960-02-06,5,0.22874288,Canada and the Refugees.,4,0.26705763
1287808921,0.4068299005270048,1951-12-05,4,0.22148749,Quebec Papers Call for Immigrants.,5,0.36742023
1354838275,0.4066567430670935,1931-08-17,4,0.20832708,EQUAL RIGHTS WANTED.,2,0.18857677
1143897786,0.406280364636347,1991-06-07,7,0.17192282,LETTERS TO THE EDITOR.,4,0.18342103
1356010501,0.4059753195092884,1940-06-06,4,0.23495813,Allow More Refugees To Come to Dominion.,1,0.24381568
1239236246,0.4059396225536674,1979-01-29,7,0.16622704,"Refugees doomed if more not done, says Torontonian.",2,0.16389108
1326000135,0.4057096941050139,1945-03-10,4,0.17013119,Refugees From Europe Doing Well in Canada.,1,0.1963502
1288793941,0.4054577627933917,1959-12-01,5,0.21760532,Action Is Urged In Refugee Year.,3,0.33858624
1325944196,0.405380756278959,1939-03-27,4,0.197227,PROTECTING OUR CITIZENSHIP.,0,0.19332756
1350808493,0.4048787162889825,1943-11-09,4,0.19775456,Duplessis Works on Prejudice.,1,0.1379093
1325961254,0.4045455992587962,1943-12-15,4,0.2108851,Correspondence.,2,0.14735349
1356090105,0.4045133405673634,1960-01-12,5,0.23086599,A Feeble Excuse.,5,0.16246632
1351782022,0.4044862058505218,1919-03-25,3,0.2737118,BAR OR DEPORT UNDESIRABLES.,1,0.23229054
1240519487,0.4044797891671747,1973-07-16,6,0.16620617,Amnesty.,2,0.16649994
2122110458,0.4044154740212636,2015-12-29,8,0.178135,Should refugees be welcomed with debt?.,3,0.24017383
1400671477,0.4043521710210453,1956-04-14,5,0.28241643,New Immigrant Source?.,5,0.1255149
1323412512,0.4042324531790602,1946-04-11,4,0.2894932,Refugees.,1,0.20648254
1287484542,0.4040610842013327,1948-08-04,4,0.27515402,"Canada to Admit 1,000 Who Fled Czech Terror.",1,0.48310697
1435727916,0.4040348531159685,1925-08-13,4,0.21067376,SLAV IMMIGRATION.,0,0.3008182
1323631525,0.4039313964137732,1947-02-14,4,0.23359399,Spanish Refugees Going to Mexico.,1,0.40398562
1351241751,0.4038188497120112,1913-06-02,3,0.25858125,TO AID THE IMMIGRANT.,0,0.16755454
1239266135,0.403459392883796,1979-07-19,7,0.23291515,Language barrier down for boat people: Atkey.,3,0.4002678
1350640090,0.4033488106783753,1920-01-23,4,0.23295891,CANADA AND THE IMMIGRANT.,0,0.19383658
1284571531,0.4029796538883665,1962-05-26,5,0.18890204,Canada Called Immoral For Barring Chinese.,4,0.16933806
1356637203,0.4029715476704719,1939-08-05,4,0.20062043,CHURCH JOURNAL MAKES PLEA FOR REFUGEES.,1,0.18036868
1288641645,0.4027718156132264,1957-05-15,5,0.18432492,Some Troublemakers Said Among Refugees.,3,0.250147
1313752814,0.40265499641787,1943-11-16,4,0.2054144,By Succoring War's Victims Canada Would Be the Richer.,0,0.15114288
1351260578,0.4022130409778495,1933-02-04,4,0.21814688,AFRAID TO CO HOME.,2,0.22414431
1323307984,0.4019410009608862,1938-04-08,4,0.18521138,Canada's Welcome to Refugees Prom Austria Still in Doubt.,1,0.20025875
1145472102,0.4019197806213834,1993-02-17,7,0.21487315,Multiculturalism and becoming Canadian.,2,0.29735667
1288373431,0.4017550427075532,1960-01-11,5,0.18408729,Attacks Glass Curtain Against Immigrants.,2,0.23952588
1356613824,0.4016596925442689,1920-10-22,4,0.289629,CANADA AND IMMIGRATION.,0,0.212806
1356349539,0.4015151759899719,1910-11-15,3,0.2904272,THE WAVE OF IMMIGRATION.,0,0.16310239
1354127348,0.4015002959501154,1921-07-29,4,0.22267574,PROBLEMS OF IMMIGRATION.,0,0.19277014
1355059412,0.4014265140968936,1907-10-05,3,0.24211942,NOT USING A DRAG-NET.,0,0.2885071
1354627416,0.4011552634577049,1929-01-11,4,0.24565011,BRITISH IMMIGRATION.,0,0.23008245
1313913200,0.4011050911007582,1948-08-20,4,0.24508104,42 More Refugees Brave Atlantic To Flee Russians.,1,0.3534833
1313743933,0.4009266611421471,1969-02-15,6,0.21544503,A helpful student jab.,3,0.113017544
1323410551,0.4007502824525074,1946-04-06,4,0.20775056,What Are We Waiting For.,0,0.12874362
1313917620,0.4005106298608505,1957-06-08,5,0.22841626,A Distorted View.,0,0.23035218
1518957463,0.4004820539270781,1868-10-15,0,0.17768645,IMMIGRATION.,0,0.16775514
1354055463,0.4001699043942021,1940-09-03,4,0.1971527,LAXITY IN THE PRISON CAMPS.,5,0.14274348
1356380596,0.3997146898361262,1929-11-22,4,0.3165977,"CANADA'S PROSPERITY RURNS TIDE FROM U.S., DECLARES MR. FORKE.",5,0.46247712
1287215321,0.3995859508520594,1953-09-04,5,0.2639694,Accommodation Needed.,1,0.16680714
1316244707,0.399515167864938,1950-02-22,4,0.23754403,Harris Asks Canadians Greet New Immigrants.,0,0.13772511
1356031890,0.3994457605748815,1940-05-04,4,0.20699449,Foe Says France Abuses Refugees.,1,0.23337163
1284870419,0.3994147970081036,1962-07-26,5,0.20308149,Hong Kong Goal Of Refugee Boats.,4,0.2991319
1649703907,0.3993428964995563,1897-07-13,2,0.29136834,THE QUETSION OF IMMIGRATION.,0,0.32097784
1326053328,0.3989765258489113,1943-12-17,4,0.2914838,ALIENS GIVEN MORE FREEDOM IN DOMINION.,1,0.29531083
1811312113,0.3988006844651287,2013-02-09,8,0.173929,TALKING POINT.,2,0.4230148
1240053393,0.3983564976864858,1973-10-29,6,0.17326272,BRUCE WEST.,2,0.25239858
1352063688,0.3983430552843437,1922-05-01,4,0.2620756,IMMIGRATION.,0,0.25648376
1325781934,0.3979776475439533,1947-01-25,4,0.32569298,Immigration.,1,0.17646985
1354382376,0.3978717505629154,1907-06-15,3,0.22450723,BRITISH PEOPLE COMING TO CANADA.,0,0.20767008
1240393446,0.3978374945474126,1972-04-05,6,0.22450176,What do they seek?.,0,0.22114246
1323658069,0.3975598418995787,1947-12-09,4,0.2940777,Helping the Immigrants.,0,0.15458496
2459833020,0.3975263284713046,2017-08-07,8,0.16990061,LETTERS TO THE EDITOR.,2,0.4767495
1124944154,0.3973266772502825,2000-02-22,7,0.17767945,"Immigrant 'head tax' must go, group says.",3,0.21089205
1239315077,0.3972530322649554,1977-08-19,7,0.25276816,Refugees.,4,0.23708151
1288609034,0.3968199972762421,1957-01-26,5,0.24104267,"Takes 3,382 Refugees, Ontario Top Province; Expect Some 'Bid Egg'.",3,0.14463101
1354024107,0.396793174262181,1909-04-03,3,0.21786317,ONLY THE BEST ACCEPTED.,3,0.16343355
1284871098,0.396698681104417,1962-11-21,5,0.17444833,A Practical Look at Immigration.,0,0.20676723
1239217433,0.3966799450647885,1979-09-01,7,0.21477693,"Refugees from Thai camps will get priority, official says.",3,0.4075251
1313973035,0.3966720400152654,1945-12-15,4,0.27707303,Croll Advocates Postwar Policy On Immigration.,1,0.21713394
1316218480,0.3965814007958708,1929-02-16,4,0.21197055,BAN ON COMMUTERS AT CANADA'S BORDERS IS PASSED BY HOUSE.,5,0.18012549
1291534923,0.3963610479067371,1956-05-25,5,0.22326536,The Problem of the Refugees.,3,0.18422431
1325752708,0.3963226530329132,1943-03-30,4,0.20858088,CANADA POSTED ON REFUGEES.,1,0.35938072
1325834081,0.3961816260229484,1944-01-24,4,0.29243186,Settlers on the Land Needed.,0,0.25775883
1354538990,0.3961796282949555,1934-03-06,4,0.18867894,IMMIGRATION ROW SEES PARTY BRICKS HURLED IN DEBATE.,5,0.18784736
1352060779,0.3959528745280752,1921-05-21,4,0.26535,STEPS TO LIMIT ALIENS' ENTRY.,1,0.17547284
1354235370,0.3959527026962098,1906-08-17,2,0.21832071,CANADA'S FUTURE CITIZENS.,0,0.2576268
1352107648,0.3959062396011149,1928-10-11,4,0.16123372,PERTINENT QUESTIONS ABOUT IMMIGRATION ARE ASKED BY SYNOD.,0,0.021423962
1289096765,0.3957939767481411,1955-08-11,5,0.2834961,Citizens by Compulsion.,2,0.26807585
1284958315,0.3957177231070419,1961-07-28,5,0.18360814,Right of Deportation Is Questioned.,1,0.11289322
1289249477,0.3952023579599189,1956-11-30,5,0.23927431,"Refugee Fund Passed Swiftly, Unanimously.",3,0.14716674
1313770553,0.3951972226179771,1948-06-03,4,0.25874478,"22,000 Refugees From Baltic Seek Refuge in Canada.",1,0.47020042
1151446917,0.3950377140911996,1986-04-03,7,0.22544935,Immigrant viewpoints.,2,0.25453484
1287544276,0.3947396242948252,1950-04-20,4,0.19700654,FINANCE AT LARGE.,0,0.13452551
1291240364,0.3945245667609255,1950-11-15,4,0.24609266,A Policy of Evasion.,0,0.30699795
1288743935,0.3944799506021236,1959-10-06,5,0.21252654,A Matter of Conscience.,4,0.1743544
1355958757,0.3940665385880731,1937-03-05,4,0.22988492,Letter to the Editor 1 -- No Title.,5,0.21175465
1355963639,0.3937954215952422,1939-08-18,4,0.24821106,"Proposes 200,000 Refugees Be Invited to Canada in Year.",1,0.15125695
1241522990,0.3937323669711912,1972-03-29,6,0.20641948,"Not required to give asylum, Ottawa says.",1,0.25035414
1323611202,0.3937020679910838,1947-05-02,4,0.14891489,Canada Opens Doors To 'Some Thousands'.,1,0.13574953
1355139177,0.3933054719462307,1931-02-12,4,0.21205966,MORE DEPORTATIONS TROUBLE.,0,0.15947577
1354179463,0.3932055605358496,1929-12-09,4,0.22623426,QUOTA IS PROPOSED FOR CANADIAN ENTRY TO UNITED STATES.,5,0.21341819
1270356609,0.3928898330309071,1967-12-21,5,0.2207914,Minister backs Quebec plans for immigrants.,5,0.4087325
1351328697,0.3928490385504853,1936-02-10,4,0.2215395,DO WE WANT IMMIGRANTS.,0,0.28736508
1291326173,0.3923098973874898,1955-12-19,5,0.20814478,Roberts Stresses Equal Rights For Immigrants.,1,0.20572856
1242357098,0.3922154562420299,1968-10-24,6,0.23010965,"7,000 refugees seek Canadian visas with no sign of a letup.",3,0.2589299
1241706239,0.3920715806904194,1971-07-10,6,0.15484865,To America's disenchanted exiles.,4,0.13907741
1291231924,0.3920003831166533,1950-12-01,4,0.22283335,Sees Canada Ban On Immigrants Who Flout Laws.,5,0.19863737
1240310306,0.3916793354709976,1972-02-04,6,0.18913254,"Let population grow without immigration, Sedgwick suggests.",0,0.15209837
1289434219,0.3916192017312439,1956-12-19,5,0.22363837,Arrangements Unsatisfactory.,5,0.13573684
1351084267,0.3915181426784648,1943-12-14,4,0.27852017,Refugees Could Help Keep Canada Great.,2,0.16160311
1241715582,0.3913950583841826,1971-09-07,6,0.24067731,Immigrants' troubles.,2,0.22868674
1352063258,0.391117597447268,1922-05-10,4,0.23865798,EAST AND WEST.,0,0.21742304
1287700997,0.3910795056559237,1952-07-31,5,0.22029844,Open the Gates Wider.,4,0.18534532
1287344962,0.3909958626467672,1951-03-28,4,0.30450058,Differ on Methods.,0,0.16899453
1354007187,0.3909663669960205,1907-03-28,3,0.24301112,UNDESIRABLE IMMIGRANTS.,0,0.24345817
1352080586,0.3909567672002528,1927-12-01,4,0.3099018,BRITISH IMMIGRATION.,0,0.1944898
1353936674,0.3909403213396744,1942-11-26,4,0.2743443,The Alien Students.,2,0.15875007
1284652832,0.3909272199006179,1961-05-15,5,0.2558303,Immigration and Revolution.,0,0.1802556
1323336476,0.3907791763213138,1939-03-22,4,0.21712011,Refugees Offer Canada Wealth She Seeks Abroad In Return for Hospitality.,1,0.17095783
1527359705,0.3906328052478934,1881-07-21,1,0.1777144,IMMIGRATION--A TORY SOMER SAULT.,0,0.1684595
1351829182,0.3905895835789633,1920-11-13,4,0.2508547,"CANADA NEEDS ELLIS ISLAND, SAYS EXPERT.",0,0.19186303
1240071044,0.3904337443919302,1973-11-01,6,0.18273664,Immigration.,2,0.19215818
1287734733,0.3904321525229913,1952-09-16,5,0.2568435,Quebec and Immigration.,5,0.21606158
1316264301,0.3904228164241293,1959-12-25,5,0.20400928,Refugee Message By Bishop.,4,0.30610174
1287320629,0.3903061489172882,1951-01-20,4,0.24541679,Canada's Taraet for 1951.,0,0.11893596
1354521310,0.3902711310574198,1932-05-24,4,0.17724144,LOYAL CANADIANS OF FORM BIRTH TO BE PROTECTED.,5,0.13310781
1289455398,0.3902033274891203,1954-07-24,5,0.21380754,The French Press Calls for Immigration.,5,0.28952885
1289424162,0.3897826564538259,1956-12-13,5,0.24027887,'Something Solid'.,2,0.2726969
1288430912,0.3896426818377583,1960-04-08,5,0.20432866,Toronto Asked to Save 323 in Old Camp.,3,0.16228457
1356257783,0.3892408932771073,1941-03-28,4,0.3055492,REFUGEE PROBLEM FOR DEMOCRACY.,1,0.31623834
1240170314,0.3890606797159989,1973-01-06,6,0.24703309,"Immigration from every side, with balance and authority.",5,0.1148625
1242140218,0.3889970191326546,1969-11-08,6,0.16140878,CANADA THROUGH THE EYES OF IMMIGRANTS.,0,0.12096369
1288523562,0.3889485909252368,1959-11-17,5,0.19485287,Accentuate the Positive.,0,0.1944215
1647940575,0.3888274312623877,1889-03-01,2,0.18630403,MR. WELDON'S EXTRADITION BILL.,2,0.23664427
1291430400,0.3887499874083508,1949-10-20,4,0.3270432,Too Many or Too Few.,0,0.16625802
1143880290,0.388683676074618,1993-04-28,7,0.17958537,Gender repression.,2,0.16455092
1354370417,0.3886672794643021,1942-02-21,4,0.14109385,BUREAUCRATIC MIND ACTS AS BARBED WIRE.,2,0.11681231
1288405968,0.3884301930022349,1960-06-08,5,0.24355386,"Political Fears Block Refugees, Gregg Declares.",1,0.2900497
1323570649,0.3883860095827136,1939-06-24,4,0.20954645,ONLY ONE REFUGEE SOLUTION.,3,0.07884311
1352111568,0.3883297011271839,1928-08-22,4,0.25479072,IMMIGRATION OBSTACLES.,5,0.12101751
1324229353,0.3883140510614041,1911-01-21,3,0.15120901,Canada's Citizens From the Balkan States.,0,0.11654987
1134304771,0.3882105162173201,1999-07-31,7,0.17966941,Display Ad 11 -- No Title.,2,0.21960613
1125617570,0.3879739532029859,2000-06-22,7,0.23157507,There but tor mercy.,2,0.32375127
1284535476,0.3879018273890977,1962-01-23,5,0.24576719,Race Prejudice.,0,0.1966041
1356053462,0.3878149841330268,1940-06-21,4,0.22633295,Refugees Applaud as Governor-General Lands at Halifax.,1,0.25969133
1352175376,0.387661143981478,1929-08-13,4,0.25359195,INCREASING BRITISH MIGRATION.,0,0.21174666
1350838052,0.3873218821735806,1942-09-25,4,0.28993732,We Need British Immigration.,0,0.31586567
1350797828,0.387188981805339,1943-01-12,4,0.32209226,IMMIGRATION SEEN AS VITAL.,0,0.16546917
1288454044,0.3870048870069286,1960-01-26,5,0.27952886,Letter to the Editor 4 -- No Title.,4,0.15948169
1288432609,0.3869326362650516,1960-12-20,5,0.20257846,The Case of John Pall.,2,0.2506886
1356227159,0.3863037361665874,1919-02-19,3,0.19689815,ELLIS ISLAND FOR DOMINION.,1,0.17706357
1284677947,0.3860954266801323,1961-10-13,5,0.19845507,Action on Immigration.,3,0.15890144
1354476824,0.3859223111919013,1922-04-05,4,0.35877165,OUR UKRAINIANS.,0,0.30081803
1325724325,0.3857729792678986,1947-07-16,4,0.30759332,Canada Wants Best Immigrants.,2,0.29384762
1240425444,0.3857542442495186,1972-07-11,6,0.18044268,Sweden is sympathetic to everyone's deserters.,1,0.21894228
1288401140,0.3856744523115146,1960-04-28,5,0.22078097,Canada's Role in Refugee Year.,4,0.35472962
1287499254,0.3856539205949707,1950-02-14,4,0.24254018,"Unions Support Immigration Plan, Minister Asserts.",2,0.20785302
1352118996,0.3855247304434708,1929-07-23,4,0.27278963,BACK TO THE FOREIGNER?.,0,0.30021167
1366205753,0.3852316325325607,1923-11-13,4,0.26197478,TWO CANADIAN PROBLEMS.,0,0.2899332
1240626832,0.3849631369377705,1982-08-28,7,0.1111432,One more trauma in the life of a refugee.,3,0.1419311
1151152480,0.3849346108033504,1990-04-25,7,0.17541684,Killings prompt police to rafuse to work.,3,0.18515298
1649842478,0.3849221473321822,1898-04-21,2,0.17991325,CANADA'S TURN NOW.,0,0.111125536
1368126701,0.3847106659224231,2003-08-30,8,0.17510965,Living in fear.,2,0.27401254
1351388158,0.3846677668086919,1938-10-27,4,0.31831142,HOSPITALITY NOT ALL.,1,0.24429202
1323585147,0.3846498362334452,1943-11-20,4,0.35591906,Postwar Plans First; Then Immigration.,0,0.2294687
1518978694,0.3845303384811165,1869-03-23,0,0.18143351,SCANDALOUS.,0,0.31022066
1353855981,0.3844436050614658,1903-02-07,2,0.29244146,CANADIAN IMMIGRATION.,0,0.31968084
1291496738,0.3837406425946807,1946-06-06,4,0.26173562,Wider Entry Of Refugees Urged by M.P..,1,0.42533872
1354723072,0.3836088011744779,1928-05-09,4,0.27996665,MIGRATION OFFICERS IN BRITAIN BALKED BY INVISIBLE ENEMY.,0,0.2094889
1289455797,0.383543215659225,1956-08-08,5,0.22111903,Ottawa Blamed For Poor Flow Of Immigrants.,3,0.2110984
1289426553,0.3834910207391124,1956-12-18,5,0.2267273,For Shame.,0,0.18894899
1354647351,0.3834336713257444,1927-11-17,4,0.24378295,BRITISH IMMIGRANTS DESIRED BY QUEBEC.,5,0.5599567
1356287434,0.383173220325206,1928-01-23,4,0.32406607,BACK TO THE LAND.,0,0.18354216
1325999188,0.3831685267710428,1945-03-13,4,0.2996746,Postwar Immigrants Must Be Scrutinized.,2,0.25588074
1239229320,0.3829315889160012,1979-11-17,7,0.21023093,Immigration 'told lies' about refugees' health.,3,0.45560572
1240396257,0.3827104257776934,1972-05-30,6,0.18019876,Ease of entry.,5,0.11682979
1288438592,0.3826593598682531,1960-07-01,5,0.22162175,Emigration of Immigrants.,2,0.21370609
1356330117,0.3826161754981873,1927-02-02,4,0.32544357,GUARDING THE CANADIAN RACE.,0,0.15924303
1125775339,0.3825888972521492,2001-08-30,7,0.242611,Border lines.,2,0.1904654
1350767436,0.38220020963069,1939-07-07,4,0.20451829,The Refugee Problem.,4,0.26854238
1287349684,0.3821324500777088,1951-04-12,4,0.22879945,French Papers Urge Immigrant Aid.,0,0.18277623
1239193055,0.3820607689784439,1979-06-23,7,0.19762824,Vietnam refugees.,4,0.27555767
1125124242,0.3818054963642673,1980-10-23,7,0.14741938,Refugees' tale an ugly memory for Canadians.,1,0.15184082
1143135313,0.3817169550490877,1981-11-06,7,0.17946175,Letters to the editor.,2,0.21552311
1316521190,0.3816247020304229,1947-06-06,4,0.2783159,"Open Door Wider To Europeans, Senate to Urge.",1,0.36777014
1354981809,0.3814103090736557,1908-09-08,3,0.293382,TWO QUERIES.,0,0.30971184
1284824430,0.381167358687881,1962-05-25,5,0.20634143,Windsor Would House 12 Refugee Families.,1,0.3289902
1287645556,0.3811410053649087,1951-08-21,4,0.22417237,States Ontario Centre For Smuggling Aliens.,1,0.18091929
1316234071,0.3811274087142294,1943-06-05,4,0.26446354,ASK OPEN DOOR FOR REFUGEES.,1,0.3862463
1143175037,0.3809938483764011,1981-12-29,7,0.18973807,Letters to the editor.,2,0.20992653
1356227342,0.3805369606348786,1919-02-19,3,0.28328922,SHOULD DISCRIMINATE IN DEPORTATION.,2,0.15772162
1288450520,0.3802346662171041,1959-02-18,5,0.24108241,Urges Canada Loosen Immigration Quota.,2,0.17595762
1353792267,0.3800671784096107,1939-07-21,4,0.2925517,Urges Young Refugees Be Brought Here at Once.,1,0.37188524
1325788584,0.3797818199489918,1944-02-19,4,0.27420682,Immigration an Issue For Returned Men.,2,0.15159293
1288811245,0.3797381780802611,1958-04-11,5,0.25176013,Immigrants From Asia.,4,0.35064033
1239237940,0.3796323886786917,1979-07-28,7,0.17885174,Refugees and racism.,3,0.2564516
1354829651,0.3795742094778538,1931-05-22,4,0.1827063,DEPORTATION CASE AROUSES PROTESTS AMONG MEMBERS.,2,0.09906522
1291239765,0.379387667615944,1946-05-27,4,0.35961193,"Open Doors to Homeless, Croll Urges.",1,0.35368836
1325670955,0.3791501467903619,1943-11-08,4,0.29444984,"Admit Refugees, Jolliffe Urges.",1,0.2897965
1325834056,0.3791401622214671,1944-01-24,4,0.20072374,Advocate More Liberal Policy of Immigration.,1,0.24284242
1242337145,0.3791041892550883,1968-08-07,6,0.16376668,Sanctuary.,4,0.31635782
1238418817,0.3790763474865683,1978-12-12,7,0.18186554,Malaysia proposes island for processing of refugees.,3,0.39584395
1242353225,0.3790719600420036,1969-04-04,6,0.24358249,A land of few people.,0,0.2665816
1354103546,0.3790154194198248,1940-04-30,4,0.23466882,LOOK TO CANADA AS REFUGEE HAVEN.,1,0.1587382
1412114120,0.3789882972184387,1927-09-30,4,0.27417725,BRITISH IMMIGRATION.,0,0.15262657
1291236979,0.3789723721929383,1950-09-30,4,0.24681298,"Lift Immigration Ban, Will Welcome Germans.",0,0.14738353
1288397351,0.3785250212893872,1960-04-16,5,0.24954647,A Challenge to Ontario.,3,0.18723379
1291506261,0.3784315556007389,1949-10-10,4,0.25025737,Refugee Tells Aim To Transplant Estonian Nation.,1,0.22694808
1284639338,0.3784216431241662,1961-01-03,5,0.1516477,Total Admitted in 1960 Lowest in 10 Years.,0,0.06436751
1516433766,0.3782745816840631,1862-04-19,0,0.18643278,AFFAIRS AT QUEBEC.,0,0.15905926
1287172945,0.3782596130242148,1953-02-04,5,0.27496812,How Many Immigrants?.,0,0.25784278
1356000074,0.3778748562150677,1940-03-19,4,0.3246045,FINN REFUGEES SAID SEEKING CANADA HAVEN.,1,0.19336201
1412114473,0.3778219451525625,1927-10-03,4,0.22715238,IMMIGRATION DANGERS.,2,0.16258188
1325757690,0.3777055293731387,1952-02-23,5,0.2704276,On the Record.,0,0.26118082
1241441640,0.3776317309885535,1977-07-26,7,0.18862446,Letter to the Editor 2 -- No Title.,2,0.4513732
1366193022,0.3774890639481671,1923-09-17,4,0.22505778,Russian Refugees Working In Canadian Lumber Camp.,3,0.22369617
1270685158,0.3773618033846259,1965-07-12,5,0.18774119,Letter to the Editor 1 -- No Title.,0,0.11246967
1289471557,0.3772415399322498,1954-08-09,5,0.21539575,The Need for Immigration.,0,0.13161184
1351359211,0.3772305822790064,1933-10-28,4,0.20020913,DEPORTATION OF BRITISHERS.,2,0.122441135
1283100520,0.3771818714195448,1963-02-28,5,0.21984664,Our Criminals.,2,0.21192288
1350948947,0.3770846475465673,1937-07-22,4,0.3300653,"Have We ""Missed the Boat?"".",0,0.26510322
1435775751,0.3770189796636478,1926-11-23,4,0.3827455,FORKE IS PLANNING VISIT TO BRITAIN.,5,0.2058381
1143230117,0.3769852739303416,1981-12-30,7,0.193383,Polish sailors seek asylum.,1,0.22725315
1351261809,0.3768461943684912,1936-10-09,4,0.2312511,Wiser Laws Needed.,2,0.3172255
1325968867,0.3768327410306412,1943-12-21,4,0.29521272,Newly-Wed Soldiers Must Be Welcomed.,1,0.15457752
1313841650,0.3768070260144283,1946-11-16,4,0.30249104,May the Council Be Heard.,1,0.16062114
1237190830,0.3767219707391926,1989-08-22,7,0.1905239,"Rising ocean levels will create millions of refugees, Lewis says.",3,0.15744483
1284695527,0.3767105911736462,1962-06-07,5,0.2839747,Chinese Refugees.,4,0.43333486
1537642155,0.376632817687136,1887-04-16,2,0.2419923,CANADA AS A DUMPING GROUND.,0,0.20137799
1356234785,0.3765906744823721,1923-10-04,4,0.28079864,CONDITIONS ARE RIPE FOR GETTING INFLUX OF NEW IMMIGRATION.,0,0.17403676
1435801143,0.3765119202334176,1927-09-27,4,0.34809187,AN IMMIGRATION MENACE.,0,0.30328545
1288833709,0.3764238966697226,1957-03-09,5,0.22139058,Why Canada Trims Sail On Immigration Policies.,0,0.1319214
1240053696,0.3762289728292693,1973-10-31,6,0.15184449,Canadian in Chile: Ottawa should press junta to free refugees.,2,0.19927594
1291265995,0.3761961526484094,1946-05-22,4,0.24418214,Those Leaving Canada Said Part of Picture On Immigration Policy.,1,0.14023523
1291396376,0.375794227071426,1949-12-02,4,0.28548628,Immigrant Talents Wasted.,0,0.16615137
1351917487,0.3757686872820325,1925-02-28,4,0.2601621,MAKING CANADIANS.,0,0.33623907
1352203746,0.3757335705780659,1929-02-06,4,0.25727564,OUR UNASSIMILATED PEOPLES.,0,0.29053947
1313758063,0.3757104562196111,1979-06-29,7,0.20079546,Canada willing to take more refugees.,3,0.3395876
1356238346,0.3756992352457162,1940-10-26,4,0.2602441,AMONG OURSELVES.,2,0.08052112
1516437891,0.3755607086154347,1862-10-27,0,0.24412139,EMIGRATION.,0,0.20884174
1142632188,0.3755576637833453,1981-06-13,7,0.15122336,Increased aid expected for immigrant programs.,3,0.34701568
1287467628,0.3754326289523699,1946-03-28,4,0.27694985,Immigration May Be Major Issue At P.C. Meeting.,1,0.23087521
1353725681,0.3752939178774436,1906-03-27,2,0.29059175,CANADIAN MIGRATION AND IMMIGRATION.,0,0.28366655
1237224378,0.3752202997243229,1988-04-21,7,0.16571546,Hoping for a voice.,2,0.15814348
1291217780,0.375209701582595,1956-05-14,5,0.22452661,'Cut Out This Nonsense'.,2,0.18133566
1287304626,0.3749938357402618,1952-12-13,5,0.1758509,Young Politicians Back Principles Of Human Rights.,5,0.11701076
1282731278,0.3745546534436733,1964-10-21,5,0.23746556,Useful.,2,0.25732395
1237211244,0.3745134690829187,1989-12-14,7,0.18125597,Hong Kong sends the Vietnamese back.,3,0.37943256
1366265709,0.3744856779920064,1927-09-28,4,0.3070976,BRITISH IMMIGRATION.,0,0.24413435
1352159507,0.3744077138089577,1928-10-18,4,0.27402133,HUMORIST-ECONOMIST TALKS IMMIGRATION.,0,0.22046153
1412056487,0.3743450944515649,1925-11-27,4,0.24989092,NEW PLAN TO SECURE FLOOD OF SETTLERS IS BEING PERFECTED.,0,0.28202564
1323642084,0.3742726964442939,1947-10-06,4,0.28207612,Rabbi Suggests Personal Tests for DP Doctors.,1,0.22225201
1289626495,0.3742106533238608,1954-09-17,5,0.2297564,One in Four.,0,0.31768525
1323569684,0.374055147212657,1939-06-15,4,0.23031306,IMMIGRATION MEANS EMPLOYMENT.,0,0.18263932
1355004122,0.3740388923021057,1922-03-20,4,0.2996196,HOST OF JEWS HOPE TO ENTER AS IMMIGRANTS.,1,0.1952563
1284665234,0.3740293362255486,1961-07-31,5,0.2582579,Selective Immigration.,4,0.19840367
1313702407,0.3739832645036947,1965-09-25,5,0.23632136,Government Intends to Remedy Shortcomings.,0,0.121228695
1351715553,0.3737406489293013,1939-02-03,4,0.22691049,"GUARD NEEDED AGAINST ISMS,' CAVELL WARNS.",4,0.18610065
1289493105,0.3734133881191808,1954-08-10,5,0.2220764,Wrong Kind of Thinking.,1,0.16184741
1142176154,0.3733592614014129,1994-03-22,7,0.20946284,Letter to the Editor 1 -- No Title.,2,0.53166413
1270303171,0.3733346055704663,1967-09-26,5,0.24454989,Letters to the editor.,2,0.31837133
2459895958,0.3732061295606075,2017-01-24,8,0.20132706,Brexit's nuances.,2,0.23353533
1270514087,0.3731194817570272,1965-05-24,5,0.2358814,Keeping Canada white.,4,0.19829454
1356540292,0.3731095139953684,1924-04-04,4,0.2616893,CANADA AND THE QUOTA.,0,0.14394806
1354799592,0.3729418008681848,1927-06-24,4,0.29610217,Spirit of the Press.,0,0.30214283
1354588861,0.3727722781817251,1923-04-16,4,0.20031762,Says Canada Can Come Back Without Radical Scheme.,5,0.36564022
1325722340,0.3727560800117058,1947-07-09,4,0.23894365,Sticking To A Bad System.,0,0.21671963
1435642641,0.3726971623365515,1928-09-20,4,0.19739759,"International Grabfest of Land In ""Colonizing"" Canadian West Portends Racial Checkerboard.",0,0.2051782
1288541758,0.3726886484106141,1959-12-22,5,0.2751543,Canada and the Refugees.,4,0.22877736
1352141588,0.372650011443207,1931-02-05,4,0.21816084,CHIEF JUSTICE SPEAKS OUT.,0,0.16503565
1240638973,0.3725738876592752,1982-11-02,7,0.19476649,Rules to ease jobless rate will curb immigration: Axworthy.,3,0.3328056
1326311800,0.3725564924017963,1958-09-18,5,0.22449163,The Emigration of West Indians.,0,0.19437425
1325927270,0.3725308698375284,1937-02-10,4,0.28610376,Too Many Undesirables.,0,0.20285788
1435812154,0.3724857847153213,1931-05-11,4,0.29620934,DEPORTATION TOTAL KEEPS INCREASING.,1,0.19570728
1354482705,0.3724301029987278,1929-11-12,4,0.2796223,'QUALIFIED REFUSAL ISSUED BY ANDERSON IN MENNONITE PLEA.,5,0.3869686
1288406031,0.3724131118380821,1960-06-10,5,0.2056764,Chance Ruled Out in Immigrant Selection: Mrs. Fairclough.,0,0.15429175
1238273147,0.3722855494198334,1978-11-22,7,0.19236203,Canada to accept batch of up to 175 boat people.,3,0.42094898
1291525091,0.3721672147142022,1955-04-23,5,0.26745233,A Blushing Maple Leaf.,4,0.22326408
1316272811,0.3721061243096596,1959-09-25,5,0.2678854,A Humanitarian Scheme.,3,0.21625149
1287589559,0.3720875685554018,1951-07-14,4,0.2166916,Canadians Rush to Get Entrance Visas for U.S..,5,0.18075192
1366273200,0.3720709036438903,1927-05-10,4,0.24439338,RETALIATION URGED IF THE STATES INSIST ON NEW REGULATIONS.,0,0.14038597
1240084343,0.3719267085956574,1973-11-17,6,0.18302038,PARLIAMENT.,5,0.13796811
2122263518,0.3715893208987637,2015-10-05,8,0.13383514,Letter to the Editor 1 -- No Title.,2,0.26386115
1356217515,0.3712507503636401,1928-08-14,4,0.25109857,"BRITISH IMMIGRANTS ARE CANADA'S NEED, SAYS PREIER KING.",5,0.26696122
1352084957,0.371213891889689,1928-06-11,4,0.26019865,THE LESSON OF THE U.S..,0,0.24074356
1323414198,0.3711715922139772,1946-11-09,4,0.20256197,Rebuff Soviet On Refugee Repatriation.,1,0.2566132
1282949775,0.3711639347857557,1964-04-30,5,0.2243555,"Relax Policies On Immigration, Whip Suggests.",1,0.19473904
1288428008,0.3711090688703435,1959-01-15,5,0.19837394,Robert Duffy.,0,0.2927856
1354906101,0.3710953073782903,1931-08-19,4,0.21953073,"IMMIGRATION LAWS ARE FAIR TO BRITISH, IS OTTAWA'S REPLY.",0,0.1834234
1282812090,0.3709153187454312,1963-12-28,5,0.21653844,Good Advice for Quebec.,5,0.3978908
1284570964,0.3707097457472061,1962-05-21,5,0.22726044,"Chinese Need Green Light, Fairclough Says.",3,0.3062649
1356585581,0.3707026513262718,1922-12-27,4,0.29981506,LIGHT IMMIGRATION CANADA'S PROSPECT TILL TIMES IMPROVE.,0,0.18284164
1143615334,0.3706857039184596,1997-04-15,7,0.2120163,Ontario.,1,0.21151295
1351335743,0.3706708721764544,1938-10-21,4,0.30631754,LIMIT URGED ON REFUGEES.,1,0.21081722
1323408558,0.3706488889310361,1946-01-16,4,0.28623202,"Barriers to Immigration Seen Economic, Not Racial.",2,0.119577214
1284886604,0.3704582471755639,1962-01-11,5,0.24942835,Population Explosion.,0,0.19986539
1239291449,0.3704476170511943,1979-12-06,7,0.15628678,Display Ad 32 -- No Title.,3,0.07092383
1242159753,0.3704304844835798,1970-09-03,6,0.23582074,Immigration.,5,0.14306805
1151393802,0.3704025388238166,1981-06-17,7,0.1539453,Ottawa trims millions spent on refugees.,3,0.33323345
1289257039,0.370367641179375,1956-11-26,5,0.21538648,"U.K., France Open Doors To Hungarian Refugees.",1,0.17486176
1325771231,0.3702498396894959,1946-11-02,4,0.31755683,Cabinet Has the Authority.,1,0.3035521
1351571926,0.3701684904496958,1911-04-13,3,0.22891288,THE SWING TO LIBERALISM.,2,0.249629
1323589022,0.3698008537111885,1943-12-08,4,0.30170527,Large Influx of Right People Declared Aid to Canada's Growth.,0,0.20008488
1323614174,0.3697015789020936,1947-05-08,4,0.31876224,Congress Upholds Jews For Entry to Canada.,1,0.23673396
1326073252,0.3696673231251969,1938-10-19,4,0.32328182,AID NOT ASKED FOR REFUGEES.,1,0.18858407
1314025018,0.3696632142424768,1957-06-27,5,0.26587868,Refugees Welcomed.,0,0.13417685
1288387880,0.3696544477734967,1960-02-03,5,0.23380399,Canada and the Refugees.,4,0.3512202
1288563290,0.369634567053928,1958-05-23,5,0.2606221,Promise and Reality for Immigrants.,0,0.12327117
1284673513,0.3696279392748046,1961-08-03,5,0.15333882,Ethnic Paper Backs Deporting of Criminals.,2,0.18243027
1291407281,0.3694510207489001,1987-12-05,7,0.22979438,Keeping the door open.,2,0.22302482
1289244516,0.3693771908191774,1956-11-27,5,0.16154869,"Open Doors to Refugees, Readers Urge.",4,0.19513814
1282668872,0.3691850499331681,1964-02-25,5,0.2543061,Immigration.,2,0.20621207
1351859938,0.3691453211642761,1922-11-18,4,0.2978538,OUR IMMIGRATION POLICY.,0,0.37287682
2273306072,0.3691071761895861,2016-09-08,8,0.17561981,Letter to the Editor 1 -- No Title.,2,0.43125185
1537063535,0.3690922265648107,1885-11-28,1,0.24766651,SOME PLAIN TALK.,0,0.29451308
1239312944,0.3688992518858452,1979-12-21,7,0.22561166,Letters to the editor.,4,0.18201119
1354766178,0.3688377080310198,1926-09-20,4,0.29184487,ALBERTA WANTS SETTLERS.,0,0.3151539
1241733756,0.3688069570639424,1971-11-15,6,0.21043718,Amnesty.,4,0.13552204
1325693022,0.3687602388829631,1944-02-01,4,0.29244477,Let Immigrants Assist In Developing Canada.,4,0.21448207
1289100161,0.3687190803342355,1955-11-15,5,0.23336816,More Bridges Needed.,0,0.2198235
1366188350,0.368608580444185,1922-12-07,4,0.33670262,SEEK DOMINION HELP TO SETTLE REFUGEES.,1,0.2251738
1354527122,0.3685519270438208,1930-12-10,4,0.15674925,DEPORTATION FACTS COMPILED AT BORDER FOR OTTAWA ACTION.,1,0.30966765
1140772475,0.3684205519848961,1997-05-17,7,0.17106245,Letters to The Books Editor.,2,0.40952814
1239265687,0.3682897742663883,1979-07-19,7,0.13606513,"Ottawa's challenge: triple flow of refugees to 50,000.",3,0.3711687
1237259984,0.3681738249591039,1988-12-13,7,0.16113685,LETTERS TO THE EDITOR.,2,0.4494419
1288407311,0.3681324392770602,1960-06-24,5,0.22619407,The Unanswered Knock.,0,0.13106664
1284877178,0.3679065502943781,1961-02-20,5,0.20921129,Refugee Says Skeptics Now See Red Threat.,1,0.22916125
1354996402,0.3679062071083367,1910-12-08,3,0.31190977,"VOICE OF THE ""IMMIGRANT."".",2,0.23672451
1241987238,0.367900234578064,1971-12-23,6,0.20734428,'Mental peace'.,3,0.13578196
1270285113,0.3678628399519077,1967-08-10,5,0.236194,Tories advocate wider door for immigrants.,5,0.19832116
1239448507,0.3678301724418606,1975-02-28,6,0.20263454,Bigotry.,4,0.16532184
1313780897,0.3677882042341597,1949-01-26,4,0.28024277,"'Canada Is Nicest Place Yet,' 100 Baits on Way to Ontario.",1,0.2287496
1270124099,0.3677596989690874,1967-05-24,5,0.23565364,Iron Curtain cracked.,1,0.19309835
1289123364,0.3676859357121281,1954-01-14,5,0.27916914,Holier Than They.,0,0.2900907
1325757834,0.3676459465600794,1955-09-07,5,0.31125844,Anglicans Score Ottawa Policy On Immigration.,5,0.15836951
1287272273,0.3676226200485049,1952-09-18,5,0.17651996,Immigration Decline Reflects Tight Policy.,5,0.12521954
1354465400,0.3675771052839414,1929-02-14,4,0.3372832,THE IMMIGRATION QUESTION.,0,0.17681983
1270027914,0.3674734863194042,1967-03-08,5,0.21569386,Brain gain from immigrants called a mixed blessing.,0,0.15799028
1366153141,0.3673423055386284,1920-05-11,4,0.31055328,THE ALIEN LABORER.,0,0.1933991
1288387310,0.3672511254227828,1960-01-23,5,0.24506411,"Open Far North To Immigrants, Ottawa Uraed.",1,0.17892735
1352225240,0.3670830462774609,1927-09-24,4,0.24466017,MR. FORKE AND IMMIGRATION.,0,0.2687447
1518909320,0.3669623499369276,1865-01-24,0,0.21539357,THE ABUSE OF ASYLUM.,0,0.14571662
1354798194,0.3667937031781202,1908-04-03,3,0.24888422,THE IMMIGRATION QUESTION.,0,0.19001016
1239604019,0.3667720296173674,1975-03-26,6,0.15894662,Files show Canada is giving U.S. data on army deserters.,0,0.07285814
1291248712,0.3667357419967662,1950-11-17,4,0.23250374,Urges Canada Accept More DP's.,3,0.12681043
1291290886,0.3667112580879618,1979-12-08,7,0.18225572,National refugee policy is urgently required.,4,0.13583848
1354149047,0.3666652859394991,1928-05-21,4,0.29386926,ALIEN IMMIGRATION.,0,0.27366894
1323348665,0.3666468358187937,1938-11-19,4,0.32882732,Mass Immigration Is Opposed by Corps.,1,0.236149
1289121840,0.3665891276159081,1954-01-15,5,0.18334125,Denies Bulk of Immigrants Leaving Canada for U.S..,5,0.1945869
1351948710,0.3665656868274947,1922-06-05,4,0.37421718,EVOLVE POLICY COUNTRY NEEDS.,5,0.19283883
1288440927,0.3665444209135849,1960-01-26,5,0.29176012,Letter to the Editor 3 -- No Title.,4,0.26947296
1284581110,0.3664411485981753,1962-05-19,5,0.20379119,Canada and Chinese Refugees.,4,0.42427412
1291386804,0.3662510414745737,1948-03-08,4,0.30086577,"Quota of 100,000 Set For 1948 Immigration.",1,0.32431647
1353756184,0.3662126875626263,1936-12-02,4,0.3317721,Thinks Quebec Dictates.,5,0.25946686
1510617741,0.366155257714544,1852-11-27,0,0.23248439,AID FOR FUGITIVES IN CANADA.,4,0.15553157
1284571431,0.3661318547195936,1962-05-26,5,0.24466707,Chinese Refugees.,4,0.53793854
1366184213,0.3658800027235624,1922-03-03,4,0.37013552,SIFTON ON IMMIGRATION.,0,0.35027677
1356225500,0.3658110783811585,1928-11-23,4,0.17121622,NON-BRITISH MIGRANT PRAISED BY BENNETT AS GOOD FOR CANADA.,5,0.080942
1313826656,0.3657249676542657,1946-06-11,4,0.32340634,Washington Post Asks Canada To Abandon Jap Deportations.,1,0.14859794
1353845916,0.3656440749798032,1905-08-17,2,0.26494467,The Spirit of the Press.,0,0.18986368
1400743741,0.3656289443084797,1999-08-14,7,0.17267291,Anger over the illegals.,2,0.25662556
1354646934,0.3655183154036234,1927-11-07,4,0.28905565,"NON-BRITISH INFLUX IS WORRYING WEST, CONFERENCE IS TOLD.",5,0.22149335
1412061138,0.3654929948932225,1927-05-27,4,0.2980428,Voice of the People.,0,0.26030654
1355979434,0.3653538902526598,1939-09-30,4,0.22366883,ENEMY ALIENS TO GET HEARING.,1,0.20554018
1240505141,0.3652695651150505,1982-03-30,7,0.23898503,Officials advise against increase in Polish refugees.,3,0.3347759
1291412735,0.3651718766898812,1949-10-29,4,0.30421066,The Closed Door.,0,0.18176433
1284969205,0.3650506741953317,1961-02-21,5,0.20783266,Freedom and Security.,0,0.16337006
1288698888,0.3649797292854424,1959-10-16,5,0.2929274,Pleads for Admitting Infirm Refugees.,3,0.1986404
1239435711,0.3648863807651052,1979-06-22,7,0.25555456,CANADA.,3,0.4620836
1356655193,0.3648392263451095,1922-12-14,4,0.28282416,SAYS IMMIGRANTS GAIN LITTLE HERE.,5,0.15302213
1242188696,0.364838216352058,1969-12-04,6,0.22387445,Nationality by numbers.,0,0.2856552
1323410942,0.3647172455898039,1946-04-05,4,0.21974497,CANADA IS HUNGRY FOR IMMIGRATION.,0,0.22732006
1354826447,0.3646097146529875,1928-12-10,4,0.3131448,"IMMIGRANTS DRAWN BY SIGNS OF WEALTH, LIBERALS ARE TOLD.",5,0.37646848
1239269524,0.3645739628530049,1979-07-19,7,0.19573101,Letter to the Editor 1 -- No Title.,4,0.21931215
1366384253,0.3644874074399976,1915-03-10,3,0.2951209,FUTURE OF CANADA IN IMMIGRANTS' HANDS.,0,0.2613433
1323782135,0.3643714697949245,1929-09-17,4,0.2826046,BRITISH MIGRATION ENDORSED.,5,0.266581
1285013756,0.3643354964392616,1961-07-11,5,0.2730346,Colored Immigration.,0,0.23201683
1270392771,0.3643050390379918,1966-02-12,5,0.24481158,Immigrant policy not Christian: clergyman.,0,0.14063874
1239266637,0.3642082942232899,1979-07-06,7,0.13074061,Refugees see hope of new life in Canada.,3,0.12488933
1239277427,0.3641817796311213,1979-09-11,7,0.26275447,Boat people.,4,0.42755288
1239459646,0.3641758176063626,1975-05-09,6,0.1689207,Vietnam refugees called 'very skilled group'.,3,0.37033895
1288431097,0.3641033889831389,1960-12-12,5,0.2327294,The Case of John Pall.,2,0.28999197
1289441271,0.3640235682614565,1956-06-04,5,0.2437817,Case of the Pakistan Student.,0,0.16171785
1411995784,0.3639590808360627,1938-11-22,4,0.27513763,HINT JEWS WILL FIND HAVEN IN CANADA.,1,0.23798533
1239310532,0.3639392121102489,1979-10-02,7,0.14721847,National Citizens' Coalition.,2,0.23850591
1289256217,0.3639046086900377,1956-12-05,5,0.18667606,Lack of Shipping May Force Delay In Refugee Flow.,3,0.13201301
1313999415,0.3638999355756359,1947-01-13,4,0.24571848,The Mood Is For Action.,0,0.13721721
1239432497,0.3638846105949261,1979-07-17,7,0.30271515,Letter to the Editor 3 -- No Title.,4,0.31544387
1289194295,0.3638824484531958,1954-04-09,5,0.30528048,Doesn't Fear Influx of Reds From Europe.,3,0.1615911
1140582148,0.3638767385928876,1997-05-10,7,0.21728718,Refugee woes continued.,2,0.20718454
1371117888,0.3638744019351618,2006-06-19,8,0.16635682,Backward thinking.,4,0.26045436
1133775986,0.3637472849961867,1999-04-16,7,0.1555852,Relatives in Canada seeking to rescue 200 Kosovo refugees.,3,0.40024576
1811312356,0.363685255015191,2013-02-09,8,0.13174768,Letter to the Editor 1 -- No Title.,2,0.45951086
1288887839,0.3636505475879218,1957-08-17,5,0.22071666,"Land Migrants Here, Not U.S., Is Demand.",2,0.14228545
1239630798,0.3636389781324505,1974-02-16,6,0.23020895,Immigration defended.,1,0.19582176
1291639722,0.363623798782377,1948-06-16,4,0.2812828,Would Tell Immigrants Canada Minus Gestapo.,3,0.12409713
2121466752,0.3635929563075743,2015-09-26,8,0.21248932,Table of Contents 6 -- No Title.,3,0.31983835
1143037341,0.3635357544938957,1981-05-04,7,0.16842593,Canada the choice.,2,0.19119054
1287517849,0.3635292247353994,1950-06-30,4,0.29512033,Immigration Stimulated As Barriers Removed; Harris Explains Policy.,0,0.21704139
1242202348,0.3634968319110959,1968-03-13,6,0.22795543,Bill of Rights.,2,0.12305068
1289196996,0.3633480116505365,1956-05-31,5,0.3056044,Exclusion Policy Hard on Missions.,1,0.20277426
1325768564,0.363317890472604,1947-03-12,4,0.24946205,Haig Supports Roebuck For Immigration Speed.,0,0.13147965
1350587233,0.3632561740006552,1915-01-15,3,0.26870078,CANNOT REMOVE OBSTRUCTIONS.,0,0.24522915
1412100760,0.3632378222995202,1976-09-18,6,0.2501908,Canada best hope on race.,2,0.38534415
1289232948,0.3631463280255966,1956-11-24,5,0.25393704,Editorial.,4,0.25436473
1288586954,0.3631004494984205,1958-09-05,5,0.28177595,In Place of Emigration.,0,0.25826034
1350628062,0.3630777599501197,1919-03-05,3,0.25108537,ELIMINATE THE DISLOYAL.,1,0.21583945
1356189894,0.3630552221719185,1925-09-01,4,0.30023023,SEEKING NEW CITIZENS.,5,0.16795827
1323329918,0.3629923389179992,1938-11-19,4,0.2624661,Ottawa Officials Silent On Entry of Refugees.,1,0.48737034
2273257555,0.3629377106266906,2016-07-02,8,0.20627734,Other 46 -- No Title.,1,0.20893249
1270365611,0.3627490158037955,1965-03-22,5,0.1658847,This troublesome Act (III).,0,0.2806166
1356158697,0.3627412680301828,1921-03-04,4,0.34031156,BRITAIN'S EMIGRATION PLANS.,1,0.23939024
2610147932,0.3627402536660577,2018-08-13,8,0.23672675,BARRIERS AND VIOLENCE.,2,0.4132225
1324240967,0.362712824686988,1959-06-25,5,0.23804022,Giving Help Where It Is Needed.,3,0.10377414
1532072619,0.362656999641826,1882-07-01,1,0.14030561,THE JEWISH REFUGEES.,0,0.076595105
1291534353,0.3626109757075793,1948-08-07,4,0.22537968,Canada Dare Not Permit Injustices.,0,0.089056656
1284692618,0.3625921521676744,1961-11-02,5,0.23652174,New British Curb On Immigration Affects Visitors.,0,0.16095424
1354911719,0.3625783571170368,1930-12-22,4,0.26988885,The Deportations.,2,0.20015825
1239722738,0.3624443482747236,1975-06-11,6,0.24181762,"3,000 Vietnamese refugees in Canada.",3,0.47293484
1288617767,0.3624404551262594,1957-03-25,5,0.24696144,The Refugees in Yugoslavia.,4,0.2186563
1316232026,0.3624172005803053,1929-05-11,4,0.23785233,IMMIGRATION POLICY WILL BE EXAMINED.,1,0.19035713
1354532429,0.3623085473087415,1928-05-14,4,0.28088903,WHY CLOSER SIFTING IS NEEDED.,5,0.19263595
1239416126,0.3622462921481932,1976-09-27,6,0.21698076,Letter to the Editor 1 -- No Title.,0,0.13883863
1287431661,0.3620637479084085,1952-03-06,5,0.25662282,Humans--or Superhumans?.,0,0.15080959
1289124616,0.3619586092490998,1954-01-12,5,0.2996034,Millionth Immigrant Since War Due in '54.,0,0.25517207
1942943202,0.3618452599943412,2014-06-02,8,0.27581057,Caribbean dreamin'.,4,0.3249153
1287220380,0.361829806325314,1953-09-26,5,0.21948345,"More Immigrants Canada's Need, Editors Are Told.",5,0.1417382
1353896842,0.361788329252146,1903-07-25,2,0.31058216,COLONIZING IMMIGRANTS.,0,0.20924889
1288561200,0.3617675767300692,1959-03-12,5,0.34906802,Help Immigrants Learn Our History.,0,0.19359586
1287697073,0.361748900886832,1951-08-18,4,0.2391358,Disturbing Statistics.,0,0.21176185
1412024346,0.3616764104490838,1949-03-22,4,0.28297043,One Hundred Years Ago From The Globe Files.,4,0.22187957
1241525110,0.3616551232710192,1972-08-19,6,0.2054102,"First, simple decency.",0,0.21183567
1151346413,0.3616071844662351,1990-04-02,7,0.159136,Thread of intolerance in Canada.,5,0.4390049
1356116837,0.361599594814781,1940-03-06,4,0.28627795,CHILD REFUGEES AWAIT OPPORTUNITY.,1,0.3063482
1287732680,0.3615937201344148,1951-07-05,4,0.20461316,Seneral Refugee Pact Regarded as Unlikely.,1,0.13644265
1283179230,0.3615091189535133,1963-11-05,5,0.30771756,Questions.,0,0.21171403
1288472994,0.3613901328910897,1960-04-14,5,0.28156498,Helping the Refugees.,4,0.18906525
1325678814,0.3612765253624991,1946-11-15,4,0.21255407,Council of Churches Asks 'Generous' Policy Apply to Immigration.,1,0.10709158
1238721861,0.3611761030199722,1982-01-22,7,0.2150628,Lack of sponsors for Polish refugees puzzles Axworthy.,3,0.2835401
1140924592,0.3611134947316329,1995-11-18,7,0.2285615,Boycott is the only rational defence.,2,0.3331454
1239599262,0.3610603111644926,1975-05-26,6,0.2941248,Immigrants go to cities: Trudeau.,5,0.32724428
1291266879,0.3610347729961511,1946-05-30,4,0.16465096,Left-Wing Ukrainians Called Voice of Kremlin In Immigration Clash.,1,0.08816115
1239507271,0.3609931425248047,1975-02-24,6,0.202048,Repatriation: a radical blueprint.,0,0.19511242
1288429674,0.3609643533471293,1960-01-26,5,0.2887765,Article 1 -- No Title.,4,0.42366374
1291192698,0.3609343640094893,1948-03-10,4,0.28348842,French Immigrant Plans Unauthorized: Duplessis.,5,0.29178888
1350698916,0.3608970814112612,1923-03-15,4,0.25402433,IMMIGRATION POLICY.,5,0.4322786
1151684174,0.3608204199421451,1992-01-11,7,0.2098009,Debating bilingualism.,5,0.16163152
1354528333,0.3607325152021144,1930-12-18,4,0.2067143,FAVORS DEPORTATIONS.,2,0.28194737
1350720357,0.3607189629055035,1933-08-28,4,0.19836749,DISTINGUISHED EXILES.,0,0.10802372
1351486784,0.3606607345200168,1934-11-26,4,0.22777757,The Tragedy of the Refugee.,1,0.121735774
1239792046,0.3605546341917209,1974-10-29,6,0.22212546,Green paper cites exploitation as a problem for immigrants.,3,0.16548786
1325972250,0.3604599938803132,1944-01-12,4,0.28349075,Entrance Test for Immigrants.,4,0.18365662
1237560371,0.3602718101919421,1984-07-26,7,0.20423539,"Canada a haven for Poles as exit rules relax, experts say.",3,0.17087929
1284602204,0.3601719383040201,1962-05-22,5,0.19702646,Canada and Chinese Refugees.,4,0.40297753
1239445413,0.3601454721928528,1979-12-07,7,0.22412227,"The plight of the refugees, the volunteers' support.",3,0.3822561
1412782515,0.3601115025905605,2009-07-15,8,0.18866135,Table of Contents 3 -- No Title.,2,0.28973228
1354480638,0.3601005973885418,1922-09-18,4,0.31550393,PREVENTING REVOLUTION.,0,0.23590735
1316361247,0.3598937851913166,1971-08-21,6,0.18507056,EAST PAKISTAN.,0,0.122367546
1285057720,0.3598332584866882,1961-11-04,5,0.25424886,Shelter-Phobia Surest Road To War: Rabbi.,2,0.14777315
1356408243,0.3597788684542724,1923-07-20,4,0.2820858,IMMIGRATION VS. EMIGRATION.,0,0.14932045
1353692386,0.3596938658409555,1940-01-23,4,0.29365498,HAVEN URGED FOR REFUGEES.,1,0.24332684
1241708290,0.3595913850882015,1971-07-20,6,0.20252217,McClure urges Canada take go-between role.,3,0.19159806
1356095514,0.3595269304715778,1910-03-14,3,0.3096621,FOREIGNERS A MENACE.,0,0.17161645
1289215694,0.3594833755584182,1956-11-07,5,0.19513169,Ottawa Offers Refuge Here For Hungarians.,5,0.18024322
1284972860,0.3594404488977232,1961-11-11,5,0.2377251,What Growth?.,0,0.27209476
1291581858,0.3591965942551554,1954-11-01,5,0.30276248,Quebec's Recurring Gall for Immigrants.,5,0.46536264
1354328283,0.3591937462566396,1931-08-15,4,0.2608863,IMMIGATION LAWS HELD PREJUDICIAL TO BRITISH SETTLER.,1,0.24690162
1239797237,0.3591686415262884,1974-10-21,6,0.16446202,Immigration changes.,2,0.23910627
1287199001,0.3591205594360669,1953-04-24,5,0.24709964,Fulfillment of Canada's Destiny Seen Basis of Immigration Plan.,0,0.16796564
1400850957,0.3590725223768486,2007-05-17,8,0.15960124,IMMIGRATION EXOTIC DANCERS.,5,0.19443332
1353756084,0.3589993438927601,1936-11-28,4,0.37636766,British Settlers First.,0,0.2725256
1356631349,0.3589954758500722,1921-12-03,4,0.31745303,DEALING WITH NEWCOMERS.,0,0.3422928
1354023818,0.3589682184531361,1941-05-07,4,0.30371684,Case of Lisbon Refugees Before Windermere Church.,1,0.3608268
2606083743,0.358854180642958,2018-12-22,8,0.19801958,Letter To Editor 5 -- No Title.,0,0.20471507
1366268409,0.3588399299992996,1921-04-13,4,0.28916106,INSPECTION OF IMMIGRANTS.,5,0.22992207
1313829556,0.3588230094522295,1946-08-15,4,0.2607057,"Selective Immigration Policy Needed at Once, Senate Group Insists.",0,0.12192504
1351660186,0.3588092479986887,1914-07-06,3,0.26973104,NOTES A COMMENTS.,0,0.17347938
1140795377,0.3587698104111755,1995-09-09,7,0.17471579,Immigration squad made permanent.,5,0.2502983
1239499867,0.3586033640483407,1975-12-03,6,0.2524296,Canada asked to give refuge to Angolans.,3,0.26518756
1288711675,0.3585521382209102,1959-05-25,5,0.2563135,Immigrants' Search For Status Stressed.,2,0.07457536
1138687165,0.3584490659955126,1999-04-09,7,0.23324434,Table of Contents 2 -- No Title.,3,0.32123291
1287594568,0.3584258909987811,1951-02-16,4,0.31199494,Refugees Will Aid Democracies.,1,0.16296504
1288541782,0.3583749149215443,1959-12-22,5,0.222272,Alphonse and Gaston.,5,0.14110066
1354003180,0.3583491273452537,1910-01-20,3,0.2913075,MUST EXCLUDE MANY.,5,0.34318516
1354294234,0.3583200218199772,1907-07-17,3,0.32152247,CANADA'S FUTURE CITIZENS.,0,0.312026
1518960129,0.3582978979184747,1868-10-31,0,0.28180182,IMMIGRATION.,0,0.12177024
1323359378,0.3582604806913364,1939-04-24,4,0.27754074,Would Admit Picked Exiles.,1,0.44302487
1284695755,0.3581854568199154,1962-11-23,5,0.21480156,Increased Immigration: More of a Hope Than a Promise.,0,0.2794397
1313778556,0.3580457991563002,1948-10-30,4,0.24905673,Diefenbaker Demands Probe Of Entries on Forged Passport.,1,0.36700583
2122110789,0.357919233305414,2015-09-17,8,0.15015854,Letter to the Editor 1 -- No Title.,2,0.5207487
1238582282,0.3578801155504118,1983-02-18,7,0.2069808,Helping the refugees.,3,0.36349946
1355144610,0.3578197153898431,1931-04-22,4,0.28886288,BRITISH DEPORTEES MAY BRING CHANGE IN MIGRANT LAWS.,5,0.20292385
1412210343,0.3577875770126288,2008-08-22,8,0.15687321,DNA TESTING.,3,0.32294813
1238733018,0.3577493397439218,1982-04-28,7,0.20110264,Mental stress cited among Indochinese.,3,0.42405385
1241422401,0.3577231637229854,1977-06-21,7,0.21332,Guide to U.K. emigrants.,2,0.20468338
1142633693,0.3576859085620661,1981-10-15,7,0.2305539,ACROSS CANADA.,3,0.2843376
1284532900,0.3576151402042866,1962-01-16,5,0.3082322,New Citizens.,0,0.13096417
1287498098,0.3575101145593558,1950-02-04,4,0.26507145,For Want of Action.,0,0.23323911
1291530542,0.3573035951736956,1949-10-06,4,0.24272612,Steering for Freedom.,4,0.25325832
1289379347,0.3572115513652557,1956-12-12,5,0.22629075,Montreal Dickering For Budapest Opera.,3,0.15612878
1242370055,0.3569638318500152,1969-05-23,6,0.20307769,"Canada should aid refugees from Haiti, RC priest urges.",1,0.12056106
1313857483,0.356906637192193,1948-05-05,4,0.27705488,Canada Praised for Plan to Aid Europe Refugees.,1,0.38922292
1350806131,0.3568561848476917,1943-10-20,4,0.23655482,The Homemaker.,0,0.1657451
1142619079,0.3568520558010324,1994-11-05,7,0.23337333,FIVE CONDITIONS FOR INTERNATIONAL ACCEPTANCE.,3,0.19122562
1291512521,0.3568124690066689,1948-01-23,4,0.32917878,"A Future of 50,000,000.",5,0.17768066
1239282771,0.356811886202402,1979-09-13,7,0.21197112,Target set for refugees within sight.,3,0.3777875
1143982201,0.3566830844401599,1990-01-24,7,0.24064508,Canada offers compromise plan on plight of Vietnamese refugees.,3,0.5297445
1325840553,0.3566274518760584,1937-01-29,4,0.25754037,NOTES AND COMMENTS.,5,0.15171951
1325909033,0.3566108693518788,1944-03-21,4,0.24309064,Security With Tyranny.,0,0.16043378
1412655667,0.3564730187262016,2008-09-24,8,0.19598179,Wanted: compassion.,2,0.3544787
1354180568,0.3563780955663589,1929-12-02,4,0.33142033,BRITISHER URGES CAREFUL POLICY OF IMMIGRATION.,5,0.37085357
2273298236,0.3563755037934027,2016-12-08,8,0.22569248,Access to education among barriers for students.,3,0.1698451
1289179180,0.356361638631367,1954-05-12,5,0.28072932,Quebec Termed Inhospitable To Immigration.,5,0.36147562
1241693513,0.3562372990627137,1971-03-03,6,0.26814154,Grading the immigrants.,2,0.17051455
1239269013,0.3561890491754801,1979-07-26,7,0.18125604,Report warns of 'nightmare' in refugee jam.,3,0.36689645
1125457794,0.3560112220419137,2000-11-21,7,0.1248979,Just what was said.,4,0.16145998
1288816177,0.3559127098437131,1958-10-14,5,0.29634187,Let Them Remain.,5,0.16283776
1125778135,0.3558889563864706,2001-10-26,7,0.18195862,Who's fanning what?.,2,0.4800398
2273228479,0.3557003069296829,2016-09-14,8,0.15887244,Table of Contents 7 -- No Title.,2,0.19274646
